c,0,1,1,1,1,0,0,0,0,0,0,0,0,0,0,0,0,0,0,0,0,0,0,0,0,0,0,0,2,2,1,5,1,1,z,k,r,d,l,m,s,t,e,n,u,j,g,A,o,v,a,b,h,B,p,w,i,C,q,x,D,
c,z,0,2,1,1,0,1,1,1,1,1,0,0,0,0,0,0,0,0,0,0,0,0,0,0,0,0,0,0,2,2,1,8,3,1,k,0,2,1,1,0,1,1,1,1,1,0,0,0,0,0,0,0,0,0,0,0,0,0,0,0,0,0,0,2,2,1,8,3,1,r,0,2,1,1,0,1,1,1,1,1,0,0,0,0,0,0,0,0,0,0,0,0,0,0,0,0,0,0,2,2,1,8,3,1,d,0,2,1,1,0,1,1,1,1,1,0,0,0,0,0,0,0,0,0,0,0,0,0,0,0,0,0,0,2,2,1,8,3,1,l,m,s,t,e,n,u,j,g,A,o,v,a,b,h,B,p,w,i,C,q,x,D,
c,z,0,1,0,0,0,0,0,0,0,0,0,0,0,0,0,0,0,0,0,0,0,0,0,0,0,0,0,0,0,0,0,5,3,0,k,0,3,0,0,0,1,1,1,1,0,1,1,1,1,0,0,0,0,0,0,0,0,0,0,0,0,0,0,1,1,1,11,6,0,r,0,3,0,0,0,1,1,1,1,0,1,1,1,1,0,0,0,0,0,0,0,0,0,0,0,0,0,0,1,1,1,11,6,0,d,l,0,3,0,0,0,1,1,1,1,0,1,1,1,1,0,0,0,0,0,0,0,0,0,0,0,0,0,0,1,1,1,11,6,0,m,0,3,0,0,0,1,1,1,1,0,1,1,1,1,0,0,0,0,0,0,0,0,0,0,0,0,0,0,1,1,1,11,6,0,s,0,3,0,0,0,1,1,1,1,0,1,1,1,1,0,0,0,0,0,0,0,0,0,0,0,0,0,0,1,1,1,11,6,0,t,0,3,0,0,0,1,1,1,1,0,1,1,1,1,0,0,0,0,0,0,0,0,0,0,0,0,0,0,1,1,1,11,6,0,e,0,3,0,0,0,1,1,1,1,0,1,1,1,1,0,0,0,0,0,0,0,0,0,0,0,0,0,0,1,1,1,11,6,0,n,u,j,g,A,o,v,a,b,h,B,p,w,i,C,q,x,D,
c,z,0,1,0,0,0,0,0,0,0,0,0,0,0,0,0,0,0,0,0,0,0,0,0,0,0,0,0,0,1,1,0,5,1,0,k,r,d,l,0,4,1,1,0,0,0,0,0,0,1,1,0,0,2,1,1,1,1,1,0,0,0,0,0,0,0,0,4,4,2,17,5,2,m,0,4,1,1,0,0,0,0,0,0,1,1,0,0,2,1,1,1,1,1,0,0,0,0,0,0,0,0,4,4,2,17,5,2,s,0,4,1,1,0,0,0,0,0,0,1,1,0,0,2,1,1,1,1,1,0,0,0,0,0,0,0,0,4,4,2,17,5,2,t,0,4,1,1,0,0,0,0,0,0,1,1,0,0,2,1,1,1,1,1,0,0,0,0,0,0,0,0,4,4,2,17,5,2,e,n,0,4,1,1,0,0,0,0,0,0,1,1,0,0,2,1,1,1,1,1,0,0,0,0,0,0,0,0,4,4,2,17,5,2,u,0,4,1,1,0,0,0,0,0,0,1,1,0,0,2,1,1,1,1,1,0,0,0,0,0,0,0,0,4,4,2,17,5,2,j,0,4,1,1,0,0,0,0,0,0,1,1,0,0,2,1,1,1,1,1,0,0,0,0,0,0,0,0,4,4,2,17,5,2,g,0,4,1,1,0,0,0,0,0,0,1,1,0,0,2,1,1,1,1,1,0,0,0,0,0,0,0,0,4,4,2,17,5,2,A,o,v,a,b,h,B,p,w,i,C,q,x,D,
c,z,0,1,0,0,0,0,0,0,0,0,0,0,0,0,0,0,0,0,0,0,1,0,0,0,0,0,0,0,1,1,0,6,2,0,k,1,5,1,1,0,1,1,1,1,0,0,0,0,0,2,1,1,0,0,0,4,1,1,1,0,0,0,0,6,6,3,26,10,3,r,1,5,1,1,0,1,1,1,1,0,0,0,0,0,2,1,1,0,0,0,4,1,1,1,0,0,0,0,6,6,3,26,10,3,d,l,m,s,t,e,n,1,5,1,1,0,1,1,1,1,0,0,0,0,0,2,1,1,0,0,0,4,1,1,1,0,0,0,0,6,6,3,26,10,3,u,1,5,1,1,0,1,1,1,1,0,0,0,0,0,2,1,1,0,0,0,4,1,1,1,0,0,0,0,6,6,3,26,10,3,j,g,A,0,2,0,0,0,0,0,0,0,0,0,0,0,0,1,0,0,0,0,0,2,0,0,0,0,0,0,0,3,3,1,13,5,1,o,1,5,1,1,0,1,1,1,1,0,0,0,0,0,2,1,1,0,0,0,4,1,1,1,0,0,0,0,6,6,3,26,10,3,v,1,5,1,1,0,1,1,1,1,0,0,0,0,0,2,1,1,0,0,0,4,1,1,1,0,0,0,0,6,6,3,26,10,3,a,1,5,1,1,0,1,1,1,1,0,0,0,0,0,2,1,1,0,0,0,4,1,1,1,0,0,0,0,6,6,3,26,10,3,b,1,5,1,1,0,1,1,1,1,0,0,0,0,0,2,1,1,0,0,0,4,1,1,1,0,0,0,0,6,6,3,26,10,3,h,1,5,1,1,0,1,1,1,1,0,0,0,0,0,2,1,1,0,0,0,4,1,1,1,0,0,0,0,6,6,3,26,10,3,B,p,w,i,C,q,x,D,
c,1,7,1,1,1,1,1,1,1,0,1,1,1,0,0,0,0,0,0,0,4,1,1,0,6,1,1,0,7,7,3,37,17,4,z,0,1,0,0,0,0,0,0,0,0,0,0,0,0,0,0,0,0,0,0,0,0,0,0,1,0,0,0,1,1,0,7,3,0,k,1,7,1,1,1,1,1,1,1,0,1,1,1,0,0,0,0,0,0,0,4,1,1,0,6,1,1,0,7,7,3,37,17,4,r,1,7,1,1,1,1,1,1,1,0,1,1,1,0,0,0,0,0,0,0,4,1,1,0,6,1,1,0,7,7,3,37,17,4,d,l,1,7,1,1,1,1,1,1,1,0,1,1,1,0,0,0,0,0,0,0,4,1,1,0,6,1,1,0,7,7,3,37,17,4,m,1,7,1,1,1,1,1,1,1,0,1,1,1,0,0,0,0,0,0,0,4,1,1,0,6,1,1,0,7,7,3,37,17,4,s,1,7,1,1,1,1,1,1,1,0,1,1,1,0,0,0,0,0,0,0,4,1,1,0,6,1,1,0,7,7,3,37,17,4,t,1,7,1,1,1,1,1,1,1,0,1,1,1,0,0,0,0,0,0,0,4,1,1,0,6,1,1,0,7,7,3,37,17,4,e,n,u,j,g,A,0,3,0,0,0,0,0,0,0,0,0,0,0,0,0,0,0,0,0,0,2,0,0,0,3,0,0,0,3,3,1,18,8,2,o,1,7,1,1,1,1,1,1,1,0,1,1,1,0,0,0,0,0,0,0,4,1,1,0,6,1,1,0,7,7,3,37,17,4,v,1,7,1,1,1,1,1,1,1,0,1,1,1,0,0,0,0,0,0,0,4,1,1,0,6,1,1,0,7,7,3,37,17,4,a,b,h,B,0,1,0,0,0,0,0,0,0,0,0,0,0,0,0,0,0,0,0,0,1,0,0,0,1,0,0,0,1,1,0,9,4,1,p,1,7,1,1,1,1,1,1,1,0,1,1,1,0,0,0,0,0,0,0,4,1,1,0,6,1,1,0,7,7,3,37,17,4,w,1,7,1,1,1,1,1,1,1,0,1,1,1,0,0,0,0,0,0,0,4,1,1,0,6,1,1,0,7,7,3,37,17,4,i,1,7,1,1,1,1,1,1,1,0,1,1,1,0,0,0,0,0,0,0,4,1,1,0,6,1,1,0,7,7,3,37,17,4,C,q,x,D,
c,0,9,2,2,1,1,1,1,1,1,1,1,0,0,2,1,1,1,1,0,0,0,0,0,6,1,1,8,10,10,5,50,22,5,z,0,1,0,0,0,0,0,0,0,0,0,0,0,0,0,0,0,0,0,0,0,0,0,0,0,0,0,1,1,1,0,7,3,0,k,0,9,2,2,1,1,1,1,1,1,1,1,0,0,2,1,1,1,1,0,0,0,0,0,6,1,1,8,10,10,5,50,22,5,r,0,9,2,2,1,1,1,1,1,1,1,1,0,0,2,1,1,1,1,0,0,0,0,0,6,1,1,8,10,10,5,50,22,5,d,0,9,2,2,1,1,1,1,1,1,1,1,0,0,2,1,1,1,1,0,0,0,0,0,6,1,1,8,10,10,5,50,22,5,l,0,9,2,2,1,1,1,1,1,1,1,1,0,0,2,1,1,1,1,0,0,0,0,0,6,1,1,8,10,10,5,50,22,5,m,0,9,2,2,1,1,1,1,1,1,1,1,0,0,2,1,1,1,1,0,0,0,0,0,6,1,1,8,10,10,5,50,22,5,s,0,9,2,2,1,1,1,1,1,1,1,1,0,0,2,1,1,1,1,0,0,0,0,0,6,1,1,8,10,10,5,50,22,5,t,0,9,2,2,1,1,1,1,1,1,1,1,0,0,2,1,1,1,1,0,0,0,0,0,6,1,1,8,10,10,5,50,22,5,e,n,0,9,2,2,1,1,1,1,1,1,1,1,0,0,2,1,1,1,1,0,0,0,0,0,6,1,1,8,10,10,5,50,22,5,u,0,9,2,2,1,1,1,1,1,1,1,1,0,0,2,1,1,1,1,0,0,0,0,0,6,1,1,8,10,10,5,50,22,5,j,0,9,2,2,1,1,1,1,1,1,1,1,0,0,2,1,1,1,1,0,0,0,0,0,6,1,1,8,10,10,5,50,22,5,g,A,o,v,a,b,h,B,0,2,0,0,0,0,0,0,0,0,0,0,0,0,0,0,0,0,0,0,0,0,0,0,1,0,0,2,2,2,1,12,5,1,p,0,9,2,2,1,1,1,1,1,1,1,1,0,0,2,1,1,1,1,0,0,0,0,0,6,1,1,8,10,10,5,50,22,5,w,0,9,2,2,1,1,1,1,1,1,1,1,0,0,2,1,1,1,1,0,0,0,0,0,6,1,1,8,10,10,5,50,22,5,i,C,0,1,0,0,0,0,0,0,0,0,0,0,0,0,0,0,0,0,0,0,0,0,0,0,1,0,0,1,1,1,0,8,3,0,q,0,9,2,2,1,1,1,1,1,1,1,1,0,0,2,1,1,1,1,0,0,0,0,0,6,1,1,8,10,10,5,50,22,5,x,0,9,2,2,1,1,1,1,1,1,1,1,0,0,2,1,1,1,1,0,0,0,0,0,6,1,1,8,10,10,5,50,22,5,D,
c,z,0,1,0,0,0,0,0,0,0,0,0,0,0,0,0,0,0,0,0,0,0,0,0,0,0,0,0,0,1,1,0,6,3,0,k,0,5,0,0,0,1,1,1,1,0,0,0,0,0,1,0,0,0,0,0,2,0,0,0,0,0,0,4,4,4,2,30,16,2,r,0,5,0,0,0,1,1,1,1,0,0,0,0,0,1,0,0,0,0,0,2,0,0,0,0,0,0,4,4,4,2,30,16,2,d,1,11,1,1,0,2,2,2,2,1,1,1,1,1,2,1,1,0,0,0,4,1,1,0,0,0,0,8,9,9,5,60,32,4,l,1,11,1,1,0,2,2,2,2,1,1,1,1,1,2,1,1,0,0,0,4,1,1,0,0,0,0,8,9,9,5,60,32,4,m,1,11,1,1,0,2,2,2,2,1,1,1,1,1,2,1,1,0,0,0,4,1,1,0,0,0,0,8,9,9,5,60,32,4,s,1,11,1,1,0,2,2,2,2,1,1,1,1,1,2,1,1,0,0,0,4,1,1,0,0,0,0,8,9,9,5,60,32,4,t,1,11,1,1,0,2,2,2,2,1,1,1,1,1,2,1,1,0,0,0,4,1,1,0,0,0,0,8,9,9,5,60,32,4,e,1,11,1,1,0,2,2,2,2,1,1,1,1,1,2,1,1,0,0,0,4,1,1,0,0,0,0,8,9,9,5,60,32,4,n,1,11,1,1,0,2,2,2,2,1,1,1,1,1,2,1,1,0,0,0,4,1,1,0,0,0,0,8,9,9,5,60,32,4,u,1,11,1,1,0,2,2,2,2,1,1,1,1,1,2,1,1,0,0,0,4,1,1,0,0,0,0,8,9,9,5,60,32,4,j,g,A,0,5,0,0,0,1,1,1,1,0,0,0,0,0,1,0,0,0,0,0,2,0,0,0,0,0,0,4,4,4,2,30,16,2,o,1,11,1,1,0,2,2,2,2,1,1,1,1,1,2,1,1,0,0,0,4,1,1,0,0,0,0,8,9,9,5,60,32,4,v,1,11,1,1,0,2,2,2,2,1,1,1,1,1,2,1,1,0,0,0,4,1,1,0,0,0,0,8,9,9,5,60,32,4,a,1,11,1,1,0,2,2,2,2,1,1,1,1,1,2,1,1,0,0,0,4,1,1,0,0,0,0,8,9,9,5,60,32,4,b,1,11,1,1,0,2,2,2,2,1,1,1,1,1,2,1,1,0,0,0,4,1,1,0,0,0,0,8,9,9,5,60,32,4,h,B,p,w,i,C,0,1,0,0,0,0,0,0,0,0,0,0,0,0,0,0,0,0,0,0,0,0,0,0,0,0,0,1,1,1,0,10,5,0,q,1,11,1,1,0,2,2,2,2,1,1,1,1,1,2,1,1,0,0,0,4,1,1,0,0,0,0,8,9,9,5,60,32,4,x,1,11,1,1,0,2,2,2,2,1,1,1,1,1,2,1,1,0,0,0,4,1,1,0,0,0,0,8,9,9,5,60,32,4,D,0,1,0,0,0,0,0,0,0,0,0,0,0,0,0,0,0,0,0,0,0,0,0,0,0,0,0,1,1,1,0,7,4,0,
c,0,14,2,2,1,1,1,1,1,0,2,2,1,1,2,1,1,1,1,1,4,1,1,0,6,1,1,0,11,11,6,65,30,5,z,0,1,0,0,0,0,0,0,0,0,0,0,0,0,0,0,0,0,0,0,0,0,0,0,0,0,0,0,1,1,0,5,2,0,k,0,14,2,2,1,1,1,1,1,0,2,2,1,1,2,1,1,1,1,1,4,1,1,0,6,1,1,0,11,11,6,65,30,5,r,0,14,2,2,1,1,1,1,1,0,2,2,1,1,2,1,1,1,1,1,4,1,1,0,6,1,1,0,11,11,6,65,30,5,d,l,0,7,1,1,0,0,0,0,0,0,1,1,0,0,1,0,0,0,0,0,2,0,0,0,3,0,0,0,5,5,3,32,15,2,m,0,7,1,1,0,0,0,0,0,0,1,1,0,0,1,0,0,0,0,0,2,0,0,0,3,0,0,0,5,5,3,32,15,2,s,0,7,1,1,0,0,0,0,0,0,1,1,0,0,1,0,0,0,0,0,2,0,0,0,3,0,0,0,5,5,3,32,15,2,t,0,7,1,1,0,0,0,0,0,0,1,1,0,0,1,0,0,0,0,0,2,0,0,0,3,0,0,0,5,5,3,32,15,2,e,0,14,2,2,1,1,1,1,1,0,2,2,1,1,2,1,1,1,1,1,4,1,1,0,6,1,1,0,11,11,6,65,30,5,n,0,14,2,2,1,1,1,1,1,0,2,2,1,1,2,1,1,1,1,1,4,1,1,0,6,1,1,0,11,11,6,65,30,5,u,0,14,2,2,1,1,1,1,1,0,2,2,1,1,2,1,1,1,1,1,4,1,1,0,6,1,1,0,11,11,6,65,30,5,j,0,14,2,2,1,1,1,1,1,0,2,2,1,1,2,1,1,1,1,1,4,1,1,0,6,1,1,0,11,11,6,65,30,5,g,0,14,2,2,1,1,1,1,1,0,2,2,1,1,2,1,1,1,1,1,4,1,1,0,6,1,1,0,11,11,6,65,30,5,A,0,7,1,1,0,0,0,0,0,0,1,1,0,0,1,0,0,0,0,0,2,0,0,0,3,0,0,0,5,5,3,32,15,2,o,0,14,2,2,1,1,1,1,1,0,2,2,1,1,2,1,1,1,1,1,4,1,1,0,6,1,1,0,11,11,6,65,30,5,v,0,14,2,2,1,1,1,1,1,0,2,2,1,1,2,1,1,1,1,1,4,1,1,0,6,1,1,0,11,11,6,65,30,5,a,b,h,B,0,3,0,0,0,0,0,0,0,0,0,0,0,0,0,0,0,0,0,0,1,0,0,0,1,0,0,0,2,2,1,16,7,1,p,0,14,2,2,1,1,1,1,1,0,2,2,1,1,2,1,1,1,1,1,4,1,1,0,6,1,1,0,11,11,6,65,30,5,w,0,14,2,2,1,1,1,1,1,0,2,2,1,1,2,1,1,1,1,1,4,1,1,0,6,1,1,0,11,11,6,65,30,5,i,C,q,x,D,0,1,0,0,0,0,0,0,0,0,0,0,0,0,0,0,0,0,0,0,0,0,0,0,0,0,0,0,1,1,0,8,3,0,
c,z,0,1,0,0,0,0,0,0,0,0,0,0,0,0,0,0,0,0,0,0,0,0,0,0,0,0,0,0,1,1,0,5,2,0,k,0,8,1,1,0,1,1,1,1,0,0,0,0,0,2,1,1,0,0,0,2,0,0,0,3,0,0,4,8,8,4,39,16,4,r,0,8,1,1,0,1,1,1,1,0,0,0,0,0,2,1,1,0,0,0,2,0,0,0,3,0,0,4,8,8,4,39,16,4,d,1,17,3,3,0,2,2,2,2,1,1,1,0,0,4,2,2,1,1,1,4,1,1,1,6,1,1,8,16,16,8,79,32,8,l,1,17,3,3,0,2,2,2,2,1,1,1,0,0,4,2,2,1,1,1,4,1,1,1,6,1,1,8,16,16,8,79,32,8,m,1,17,3,3,0,2,2,2,2,1,1,1,0,0,4,2,2,1,1,1,4,1,1,1,6,1,1,8,16,16,8,79,32,8,s,1,17,3,3,0,2,2,2,2,1,1,1,0,0,4,2,2,1,1,1,4,1,1,1,6,1,1,8,16,16,8,79,32,8,t,1,17,3,3,0,2,2,2,2,1,1,1,0,0,4,2,2,1,1,1,4,1,1,1,6,1,1,8,16,16,8,79,32,8,e,n,0,8,1,1,0,1,1,1,1,0,0,0,0,0,2,1,1,0,0,0,2,0,0,0,3,0,0,4,8,8,4,39,16,4,u,0,8,1,1,0,1,1,1,1,0,0,0,0,0,2,1,1,0,0,0,2,0,0,0,3,0,0,4,8,8,4,39,16,4,j,1,17,3,3,0,2,2,2,2,1,1,1,0,0,4,2,2,1,1,1,4,1,1,1,6,1,1,8,16,16,8,79,32,8,g,1,17,3,3,0,2,2,2,2,1,1,1,0,0,4,2,2,1,1,1,4,1,1,1,6,1,1,8,16,16,8,79,32,8,A,0,8,1,1,0,1,1,1,1,0,0,0,0,0,2,1,1,0,0,0,2,0,0,0,3,0,0,4,8,8,4,39,16,4,o,1,17,3,3,0,2,2,2,2,1,1,1,0,0,4,2,2,1,1,1,4,1,1,1,6,1,1,8,16,16,8,79,32,8,v,1,17,3,3,0,2,2,2,2,1,1,1,0,0,4,2,2,1,1,1,4,1,1,1,6,1,1,8,16,16,8,79,32,8,a,1,17,3,3,0,2,2,2,2,1,1,1,0,0,4,2,2,1,1,1,4,1,1,1,6,1,1,8,16,16,8,79,32,8,b,1,17,3,3,0,2,2,2,2,1,1,1,0,0,4,2,2,1,1,1,4,1,1,1,6,1,1,8,16,16,8,79,32,8,h,1,17,3,3,0,2,2,2,2,1,1,1,0,0,4,2,2,1,1,1,4,1,1,1,6,1,1,8,16,16,8,79,32,8,B,0,4,0,0,0,0,0,0,0,0,0,0,0,0,1,0,0,0,0,0,1,0,0,0,1,0,0,2,4,4,2,19,8,2,p,1,17,3,3,0,2,2,2,2,1,1,1,0,0,4,2,2,1,1,1,4,1,1,1,6,1,1,8,16,16,8,79,32,8,w,1,17,3,3,0,2,2,2,2,1,1,1,0,0,4,2,2,1,1,1,4,1,1,1,6,1,1,8,16,16,8,79,32,8,i,C,0,2,0,0,0,0,0,0,0,0,0,0,0,0,0,0,0,0,0,0,0,0,0,0,1,0,0,1,2,2,1,13,5,1,q,1,17,3,3,0,2,2,2,2,1,1,1,0,0,4,2,2,1,1,1,4,1,1,1,6,1,1,8,16,16,8,79,32,8,x,1,17,3,3,0,2,2,2,2,1,1,1,0,0,4,2,2,1,1,1,4,1,1,1,6,1,1,8,16,16,8,79,32,8,D,
c,2,21,2,2,1,3,3,3,3,0,2,2,2,1,2,1,1,0,0,0,8,2,2,1,6,1,1,8,16,16,8,100,49,8,z,0,1,0,0,0,0,0,0,0,0,0,0,0,0,0,0,0,0,0,0,0,0,0,0,0,0,0,0,0,0,0,5,2,0,k,0,7,0,0,0,1,1,1,1,0,0,0,0,0,0,0,0,0,0,0,2,0,0,0,2,0,0,2,5,5,2,33,16,2,r,0,7,0,0,0,1,1,1,1,0,0,0,0,0,0,0,0,0,0,0,2,0,0,0,2,0,0,2,5,5,2,33,16,2,d,l,1,10,1,1,0,1,1,1,1,0,1,1,1,0,1,0,0,0,0,0,4,1,1,0,3,0,0,4,8,8,4,50,24,4,m,1,10,1,1,0,1,1,1,1,0,1,1,1,0,1,0,0,0,0,0,4,1,1,0,3,0,0,4,8,8,4,50,24,4,s,1,10,1,1,0,1,1,1,1,0,1,1,1,0,1,0,0,0,0,0,4,1,1,0,3,0,0,4,8,8,4,50,24,4,t,1,10,1,1,0,1,1,1,1,0,1,1,1,0,1,0,0,0,0,0,4,1,1,0,3,0,0,4,8,8,4,50,24,4,e,2,21,2,2,1,3,3,3,3,0,2,2,2,1,2,1,1,0,0,0,8,2,2,1,6,1,1,8,16,16,8,100,49,8,n,2,21,2,2,1,3,3,3,3,0,2,2,2,1,2,1,1,0,0,0,8,2,2,1,6,1,1,8,16,16,8,100,49,8,u,2,21,2,2,1,3,3,3,3,0,2,2,2,1,2,1,1,0,0,0,8,2,2,1,6,1,1,8,16,16,8,100,49,8,j,g,A,0,5,0,0,0,0,0,0,0,0,0,0,0,0,0,0,0,0,0,0,2,0,0,0,1,0,0,2,4,4,2,25,12,2,o,1,10,1,1,0,1,1,1,1,0,1,1,1,0,1,0,0,0,0,0,4,1,1,0,3,0,0,4,8,8,4,50,24,4,v,1,10,1,1,0,1,1,1,1,0,1,1,1,0,1,0,0,0,0,0,4,1,1,0,3,0,0,4,8,8,4,50,24,4,a,2,21,2,2,1,3,3,3,3,0,2,2,2,1,2,1,1,0,0,0,8,2,2,1,6,1,1,8,16,16,8,100,49,8,b,2,21,2,2,1,3,3,3,3,0,2,2,2,1,2,1,1,0,0,0,8,2,2,1,6,1,1,8,16,16,8,100,49,8,h,2,21,2,2,1,3,3,3,3,0,2,2,2,1,2,1,1,0,0,0,8,2,2,1,6,1,1,8,16,16,8,100,49,8,B,0,5,0,0,0,0,0,0,0,0,0,0,0,0,0,0,0,0,0,0,2,0,0,0,1,0,0,2,4,4,2,25,12,2,p,2,21,2,2,1,3,3,3,3,0,2,2,2,1,2,1,1,0,0,0,8,2,2,1,6,1,1,8,16,16,8,100,49,8,w,2,21,2,2,1,3,3,3,3,0,2,2,2,1,2,1,1,0,0,0,8,2,2,1,6,1,1,8,16,16,8,100,49,8,i,2,21,2,2,1,3,3,3,3,0,2,2,2,1,2,1,1,0,0,0,8,2,2,1,6,1,1,8,16,16,8,100,49,8,C,0,3,0,0,0,0,0,0,0,0,0,0,0,0,0,0,0,0,0,0,1,0,0,0,1,0,0,1,2,2,1,16,8,1,q,2,21,2,2,1,3,3,3,3,0,2,2,2,1,2,1,1,0,0,0,8,2,2,1,6,1,1,8,16,16,8,100,49,8,x,2,21,2,2,1,3,3,3,3,0,2,2,2,1,2,1,1,0,0,0,8,2,2,1,6,1,1,8,16,16,8,100,49,8,D,0,2,0,0,0,0,0,0,0,0,0,0,0,0,0,0,0,0,0,0,1,0,0,0,0,0,0,1,2,2,1,12,6,1,
c,0,13,2,2,1,1,1,1,1,0,1,1,0,0,2,1,1,1,1,0,2,0,0,0,6,1,1,4,10,10,5,59,26,5,z,0,1,0,0,0,0,0,0,0,0,0,0,0,0,0,0,0,0,0,0,0,0,0,0,0,0,0,0,1,1,0,5,2,0,k,0,13,2,2,1,1,1,1,1,0,1,1,0,0,2,1,1,1,1,0,2,0,0,0,6,1,1,4,10,10,5,59,26,5,r,0,13,2,2,1,1,1,1,1,0,1,1,0,0,2,1,1,1,1,0,2,0,0,0,6,1,1,4,10,10,5,59,26,5,d,1,26,4,4,2,2,2,2,2,1,3,3,1,0,4,2,2,2,2,1,4,1,1,0,12,2,2,8,21,21,10,118,52,11,l,0,8,1,1,0,0,0,0,0,0,1,1,0,0,1,0,0,0,0,0,1,0,0,0,4,0,0,2,7,7,3,39,17,3,m,0,8,1,1,0,0,0,0,0,0,1,1,0,0,1,0,0,0,0,0,1,0,0,0,4,0,0,2,7,7,3,39,17,3,s,0,8,1,1,0,0,0,0,0,0,1,1,0,0,1,0,0,0,0,0,1,0,0,0,4,0,0,2,7,7,3,39,17,3,t,0,8,1,1,0,0,0,0,0,0,1,1,0,0,1,0,0,0,0,0,1,0,0,0,4,0,0,2,7,7,3,39,17,3,e,n,0,13,2,2,1,1,1,1,1,0,1,1,0,0,2,1,1,1,1,0,2,0,0,0,6,1,1,4,10,10,5,59,26,5,u,0,13,2,2,1,1,1,1,1,0,1,1,0,0,2,1,1,1,1,0,2,0,0,0,6,1,1,4,10,10,5,59,26,5,j,0,13,2,2,1,1,1,1,1,0,1,1,0,0,2,1,1,1,1,0,2,0,0,0,6,1,1,4,10,10,5,59,26,5,g,1,26,4,4,2,2,2,2,2,1,3,3,1,0,4,2,2,2,2,1,4,1,1,0,12,2,2,8,21,21,10,118,52,11,A,0,13,2,2,1,1,1,1,1,0,1,1,0,0,2,1,1,1,1,0,2,0,0,0,6,1,1,4,10,10,5,59,26,5,o,1,26,4,4,2,2,2,2,2,1,3,3,1,0,4,2,2,2,2,1,4,1,1,0,12,2,2,8,21,21,10,118,52,11,v,1,26,4,4,2,2,2,2,2,1,3,3,1,0,4,2,2,2,2,1,4,1,1,0,12,2,2,8,21,21,10,118,52,11,a,b,h,B,0,3,0,0,0,0,0,0,0,0,0,0,0,0,0,0,0,0,0,0,0,0,0,0,1,0,0,1,2,2,1,14,6,1,p,0,13,2,2,1,1,1,1,1,0,1,1,0,0,2,1,1,1,1,0,2,0,0,0,6,1,1,4,10,10,5,59,26,5,w,0,13,2,2,1,1,1,1,1,0,1,1,0,0,2,1,1,1,1,0,2,0,0,0,6,1,1,4,10,10,5,59,26,5,i,1,26,4,4,2,2,2,2,2,1,3,3,1,0,4,2,2,2,2,1,4,1,1,0,12,2,2,8,21,21,10,118,52,11,C,0,4,0,0,0,0,0,0,0,0,0,0,0,0,0,0,0,0,0,0,0,0,0,0,2,0,0,1,3,3,1,19,8,1,q,1,26,4,4,2,2,2,2,2,1,3,3,1,0,4,2,2,2,2,1,4,1,1,0,12,2,2,8,21,21,10,118,52,11,x,1,26,4,4,2,2,2,2,2,1,3,3,1,0,4,2,2,2,2,1,4,1,1,0,12,2,2,8,21,21,10,118,52,11,D,0,3,0,0,0,0,0,0,0,0,0,0,0,0,0,0,0,0,0,0,0,0,0,0,1,0,0,1,2,2,1,14,6,1,
c,2,31,4,4,1,4,4,4,4,2,2,2,1,1,6,3,3,1,1,0,8,2,2,1,6,1,1,16,25,25,13,142,64,12,z,0,1,0,0,0,0,0,0,0,0,0,0,0,0,0,0,0,0,0,0,0,0,0,0,0,0,0,0,0,0,0,5,2,0,k,0,7,1,1,0,1,1,1,1,0,0,0,0,0,1,0,0,0,0,0,2,0,0,0,1,0,0,4,6,6,3,35,16,3,r,0,7,1,1,0,1,1,1,1,0,0,0,0,0,1,0,0,0,0,0,2,0,0,0,1,0,0,4,6,6,3,35,16,3,d,1,15,2,2,0,2,2,2,2,1,1,1,0,0,3,1,1,0,0,0,4,1,1,0,3,0,0,8,12,12,6,71,32,6,l,1,15,2,2,0,2,2,2,2,1,1,1,0,0,3,1,1,0,0,0,4,1,1,0,3,0,0,8,12,12,6,71,32,6,m,1,15,2,2,0,2,2,2,2,1,1,1,0,0,3,1,1,0,0,0,4,1,1,0,3,0,0,8,12,12,6,71,32,6,s,1,15,2,2,0,2,2,2,2,1,1,1,0,0,3,1,1,0,0,0,4,1,1,0,3,0,0,8,12,12,6,71,32,6,t,1,15,2,2,0,2,2,2,2,1,1,1,0,0,3,1,1,0,0,0,4,1,1,0,3,0,0,8,12,12,6,71,32,6,e,2,31,4,4,1,4,4,4,4,2,2,2,1,1,6,3,3,1,1,0,8,2,2,1,6,1,1,16,25,25,13,142,64,12,n,0,10,1,1,0,1,1,1,1,0,0,0,0,0,2,1,1,0,0,0,2,0,0,0,2,0,0,5,8,8,4,47,21,4,u,0,10,1,1,0,1,1,1,1,0,0,0,0,0,2,1,1,0,0,0,2,0,0,0,2,0,0,5,8,8,4,47,21,4,j,2,31,4,4,1,4,4,4,4,2,2,2,1,1,6,3,3,1,1,0,8,2,2,1,6,1,1,16,25,25,13,142,64,12,g,A,0,7,1,1,0,1,1,1,1,0,0,0,0,0,1,0,0,0,0,0,2,0,0,0,1,0,0,4,6,6,3,35,16,3,o,1,15,2,2,0,2,2,2,2,1,1,1,0,0,3,1,1,0,0,0,4,1,1,0,3,0,0,8,12,12,6,71,32,6,v,1,15,2,2,0,2,2,2,2,1,1,1,0,0,3,1,1,0,0,0,4,1,1,0,3,0,0,8,12,12,6,71,32,6,a,1,15,2,2,0,2,2,2,2,1,1,1,0,0,3,1,1,0,0,0,4,1,1,0,3,0,0,8,12,12,6,71,32,6,b,1,15,2,2,0,2,2,2,2,1,1,1,0,0,3,1,1,0,0,0,4,1,1,0,3,0,0,8,12,12,6,71,32,6,h,2,31,4,4,1,4,4,4,4,2,2,2,1,1,6,3,3,1,1,0,8,2,2,1,6,1,1,16,25,25,13,142,64,12,B,0,7,1,1,0,1,1,1,1,0,0,0,0,0,1,0,0,0,0,0,2,0,0,0,1,0,0,4,6,6,3,35,16,3,p,2,31,4,4,1,4,4,4,4,2,2,2,1,1,6,3,3,1,1,0,8,2,2,1,6,1,1,16,25,25,13,142,64,12,w,2,31,4,4,1,4,4,4,4,2,2,2,1,1,6,3,3,1,1,0,8,2,2,1,6,1,1,16,25,25,13,142,64,12,i,C,0,2,0,0,0,0,0,0,0,0,0,0,0,0,0,0,0,0,0,0,0,0,0,0,0,0,0,1,2,2,1,11,5,1,q,1,15,2,2,0,2,2,2,2,1,1,1,0,0,3,1,1,0,0,0,4,1,1,0,3,0,0,8,12,12,6,71,32,6,x,1,15,2,2,0,2,2,2,2,1,1,1,0,0,3,1,1,0,0,0,4,1,1,0,3,0,0,8,12,12,6,71,32,6,D,0,3,0,0,0,0,0,0,0,0,0,0,0,0,0,0,0,0,0,0,1,0,0,0,0,0,0,2,3,3,1,17,8,1,
c,1,19,2,2,1,2,2,2,2,0,2,2,1,1,2,1,1,0,0,0,6,1,1,0,6,1,1,4,13,13,7,84,39,6,z,0,1,0,0,0,0,0,0,0,0,0,0,0,0,0,0,0,0,0,0,0,0,0,0,0,0,0,0,0,0,0,5,2,0,k,0,9,1,1,0,1,1,1,1,0,1,1,0,0,1,0,0,0,0,0,3,0,0,0,3,0,0,2,6,6,3,42,19,3,r,0,9,1,1,0,1,1,1,1,0,1,1,0,0,1,0,0,0,0,0,3,0,0,0,3,0,0,2,6,6,3,42,19,3,d,2,38,4,4,2,4,4,4,4,1,4,4,3,2,4,2,2,1,1,1,12,3,3,0,12,2,2,8,27,27,14,168,79,13,l,0,9,1,1,0,1,1,1,1,0,1,1,0,0,1,0,0,0,0,0,3,0,0,0,3,0,0,2,6,6,3,42,19,3,m,0,9,1,1,0,1,1,1,1,0,1,1,0,0,1,0,0,0,0,0,3,0,0,0,3,0,0,2,6,6,3,42,19,3,s,0,9,1,1,0,1,1,1,1,0,1,1,0,0,1,0,0,0,0,0,3,0,0,0,3,0,0,2,6,6,3,42,19,3,t,0,9,1,1,0,1,1,1,1,0,1,1,0,0,1,0,0,0,0,0,3,0,0,0,3,0,0,2,6,6,3,42,19,3,e,1,19,2,2,1,2,2,2,2,0,2,2,1,1,2,1,1,0,0,0,6,1,1,0,6,1,1,4,13,13,7,84,39,6,n,1,19,2,2,1,2,2,2,2,0,2,2,1,1,2,1,1,0,0,0,6,1,1,0,6,1,1,4,13,13,7,84,39,6,u,1,19,2,2,1,2,2,2,2,0,2,2,1,1,2,1,1,0,0,0,6,1,1,0,6,1,1,4,13,13,7,84,39,6,j,2,38,4,4,2,4,4,4,4,1,4,4,3,2,4,2,2,1,1,1,12,3,3,0,12,2,2,8,27,27,14,168,79,13,g,2,38,4,4,2,4,4,4,4,1,4,4,3,2,4,2,2,1,1,1,12,3,3,0,12,2,2,8,27,27,14,168,79,13,A,0,6,0,0,0,0,0,0,0,0,0,0,0,0,0,0,0,0,0,0,2,0,0,0,2,0,0,1,4,4,2,28,13,2,o,0,12,1,1,0,1,1,1,1,0,1,1,1,0,1,0,0,0,0,0,4,1,1,0,4,0,0,2,9,9,4,56,26,4,v,0,12,1,1,0,1,1,1,1,0,1,1,1,0,1,0,0,0,0,0,4,1,1,0,4,0,0,2,9,9,4,56,26,4,a,2,38,4,4,2,4,4,4,4,1,4,4,3,2,4,2,2,1,1,1,12,3,3,0,12,2,2,8,27,27,14,168,79,13,b,2,38,4,4,2,4,4,4,4,1,4,4,3,2,4,2,2,1,1,1,12,3,3,0,12,2,2,8,27,27,14,168,79,13,h,B,0,4,0,0,0,0,0,0,0,0,0,0,0,0,0,0,0,0,0,0,1,0,0,0,1,0,0,1,3,3,1,21,9,1,p,1,19,2,2,1,2,2,2,2,0,2,2,1,1,2,1,1,0,0,0,6,1,1,0,6,1,1,4,13,13,7,84,39,6,w,1,19,2,2,1,2,2,2,2,0,2,2,1,1,2,1,1,0,0,0,6,1,1,0,6,1,1,4,13,13,7,84,39,6,i,2,38,4,4,2,4,4,4,4,1,4,4,3,2,4,2,2,1,1,1,12,3,3,0,12,2,2,8,27,27,14,168,79,13,C,0,6,0,0,0,0,0,0,0,0,0,0,0,0,0,0,0,0,0,0,2,0,0,0,2,0,0,1,4,4,2,28,13,2,q,2,38,4,4,2,4,4,4,4,1,4,4,3,2,4,2,2,1,1,1,12,3,3,0,12,2,2,8,27,27,14,168,79,13,x,2,38,4,4,2,4,4,4,4,1,4,4,3,2,4,2,2,1,1,1,12,3,3,0,12,2,2,8,27,27,14,168,79,13,D,0,2,0,0,0,0,0,0,0,0,0,0,0,0,0,0,0,0,0,0,0,0,0,0,0,0,0,0,1,1,0,10,4,0,
c,0,23,3,3,1,2,2,2,2,1,2,2,0,0,4,2,2,1,1,1,4,1,1,0,9,1,1,8,18,18,9,100,42,9,z,0,1,0,0,0,0,0,0,0,0,0,0,0,0,0,0,0,0,0,0,0,0,0,0,0,0,0,0,0,0,0,5,2,0,k,0,11,1,1,0,1,1,1,1,0,1,1,0,0,2,1,1,0,0,0,2,0,0,0,4,0,0,4,9,9,4,50,21,4,r,0,11,1,1,0,1,1,1,1,0,1,1,0,0,2,1,1,0,0,0,2,0,0,0,4,0,0,4,9,9,4,50,21,4,d,0,23,3,3,1,2,2,2,2,1,2,2,0,0,4,2,2,1,1,1,4,1,1,0,9,1,1,8,18,18,9,100,42,9,l,0,11,1,1,0,1,1,1,1,0,1,1,0,0,2,1,1,0,0,0,2,0,0,0,4,0,0,4,9,9,4,50,21,4,m,0,11,1,1,0,1,1,1,1,0,1,1,0,0,2,1,1,0,0,0,2,0,0,0,4,0,0,4,9,9,4,50,21,4,s,0,11,1,1,0,1,1,1,1,0,1,1,0,0,2,1,1,0,0,0,2,0,0,0,4,0,0,4,9,9,4,50,21,4,t,0,11,1,1,0,1,1,1,1,0,1,1,0,0,2,1,1,0,0,0,2,0,0,0,4,0,0,4,9,9,4,50,21,4,e,1,46,7,7,2,4,4,4,4,2,4,4,1,1,8,4,4,3,3,2,8,2,2,1,18,3,3,16,37,37,19,200,84,18,n,0,11,1,1,0,1,1,1,1,0,1,1,0,0,2,1,1,0,0,0,2,0,0,0,4,0,0,4,9,9,4,50,21,4,u,0,11,1,1,0,1,1,1,1,0,1,1,0,0,2,1,1,0,0,0,2,0,0,0,4,0,0,4,9,9,4,50,21,4,j,0,15,2,2,0,1,1,1,1,0,1,1,0,0,2,1,1,1,1,0,2,0,0,0,6,1,1,5,12,12,6,66,28,6,g,0,23,3,3,1,2,2,2,2,1,2,2,0,0,4,2,2,1,1,1,4,1,1,0,9,1,1,8,18,18,9,100,42,9,A,0,11,1,1,0,1,1,1,1,0,1,1,0,0,2,1,1,0,0,0,2,0,0,0,4,0,0,4,9,9,4,50,21,4,o,0,23,3,3,1,2,2,2,2,1,2,2,0,0,4,2,2,1,1,1,4,1,1,0,9,1,1,8,18,18,9,100,42,9,v,0,23,3,3,1,2,2,2,2,1,2,2,0,0,4,2,2,1,1,1,4,1,1,0,9,1,1,8,18,18,9,100,42,9,a,1,46,7,7,2,4,4,4,4,2,4,4,1,1,8,4,4,3,3,2,8,2,2,1,18,3,3,16,37,37,19,200,84,18,b,1,46,7,7,2,4,4,4,4,2,4,4,1,1,8,4,4,3,3,2,8,2,2,1,18,3,3,16,37,37,19,200,84,18,h,1,46,7,7,2,4,4,4,4,2,4,4,1,1,8,4,4,3,3,2,8,2,2,1,18,3,3,16,37,37,19,200,84,18,B,0,3,0,0,0,0,0,0,0,0,0,0,0,0,0,0,0,0,0,0,0,0,0,0,1,0,0,1,3,3,1,16,7,1,p,0,15,2,2,0,1,1,1,1,0,1,1,0,0,2,1,1,1,1,0,2,0,0,0,6,1,1,5,12,12,6,66,28,6,w,0,15,2,2,0,1,1,1,1,0,1,1,0,0,2,1,1,1,1,0,2,0,0,0,6,1,1,5,12,12,6,66,28,6,i,C,0,3,0,0,0,0,0,0,0,0,0,0,0,0,0,0,0,0,0,0,0,0,0,0,1,0,0,1,3,3,1,16,7,1,q,0,23,3,3,1,2,2,2,2,1,2,2,0,0,4,2,2,1,1,1,4,1,1,0,9,1,1,8,18,18,9,100,42,9,x,0,23,3,3,1,2,2,2,2,1,2,2,0,0,4,2,2,1,1,1,4,1,1,0,9,1,1,8,18,18,9,100,42,9,D,0,5,0,0,0,0,0,0,0,0,0,0,0,0,1,0,0,0,0,0,1,0,0,0,2,0,0,2,4,4,2,25,10,2,
c,4,55,6,6,1,7,7,7,7,2,4,4,3,2,8,4,4,1,1,1,16,4,4,2,12,2,2,24,41,41,21,245,113,20,z,0,1,0,0,0,0,0,0,0,0,0,0,0,0,0,0,0,0,0,0,0,0,0,0,0,0,0,0,0,0,0,5,2,0,k,0,7,0,0,0,1,1,1,1,0,0,0,0,0,1,0,0,0,0,0,2,0,0,0,1,0,0,3,5,5,3,35,16,2,r,0,7,0,0,0,1,1,1,1,0,0,0,0,0,1,0,0,0,0,0,2,0,0,0,1,0,0,3,5,5,3,35,16,2,d,2,27,3,3,0,3,3,3,3,1,2,2,1,1,4,2,2,0,0,0,8,2,2,1,6,1,1,12,20,20,10,122,56,10,l,1,13,1,1,0,1,1,1,1,0,1,1,0,0,2,1,1,0,0,0,4,1,1,0,3,0,0,6,10,10,5,61,28,5,m,1,13,1,1,0,1,1,1,1,0,1,1,0,0,2,1,1,0,0,0,4,1,1,0,3,0,0,6,10,10,5,61,28,5,s,1,13,1,1,0,1,1,1,1,0,1,1,0,0,2,1,1,0,0,0,4,1,1,0,3,0,0,6,10,10,5,61,28,5,t,1,13,1,1,0,1,1,1,1,0,1,1,0,0,2,1,1,0,0,0,4,1,1,0,3,0,0,6,10,10,5,61,28,5,e,2,27,3,3,0,3,3,3,3,1,2,2,1,1,4,2,2,0,0,0,8,2,2,1,6,1,1,12,20,20,10,122,56,10,n,1,13,1,1,0,1,1,1,1,0,1,1,0,0,2,1,1,0,0,0,4,1,1,0,3,0,0,6,10,10,5,61,28,5,u,1,13,1,1,0,1,1,1,1,0,1,1,0,0,2,1,1,0,0,0,4,1,1,0,3,0,0,6,10,10,5,61,28,5,j,4,55,6,6,1,7,7,7,7,2,4,4,3,2,8,4,4,1,1,1,16,4,4,2,12,2,2,24,41,41,21,245,113,20,g,4,55,6,6,1,7,7,7,7,2,4,4,3,2,8,4,4,1,1,1,16,4,4,2,12,2,2,24,41,41,21,245,113,20,A,0,6,0,0,0,0,0,0,0,0,0,0,0,0,1,0,0,0,0,0,2,0,0,0,1,0,0,3,5,5,2,30,14,2,o,1,13,1,1,0,1,1,1,1,0,1,1,0,0,2,1,1,0,0,0,4,1,1,0,3,0,0,6,10,10,5,61,28,5,v,1,13,1,1,0,1,1,1,1,0,1,1,0,0,2,1,1,0,0,0,4,1,1,0,3,0,0,6,10,10,5,61,28,5,a,1,18,2,2,0,2,2,2,2,0,1,1,1,0,2,1,1,0,0,0,5,1,1,0,4,0,0,8,13,13,7,81,37,6,b,1,18,2,2,0,2,2,2,2,0,1,1,1,0,2,1,1,0,0,0,5,1,1,0,4,0,0,8,13,13,7,81,37,6,h,2,27,3,3,0,3,3,3,3,1,2,2,1,1,4,2,2,0,0,0,8,2,2,1,6,1,1,12,20,20,10,122,56,10,B,0,6,0,0,0,0,0,0,0,0,0,0,0,0,1,0,0,0,0,0,2,0,0,0,1,0,0,3,5,5,2,30,14,2,p,2,27,3,3,0,3,3,3,3,1,2,2,1,1,4,2,2,0,0,0,8,2,2,1,6,1,1,12,20,20,10,122,56,10,w,2,27,3,3,0,3,3,3,3,1,2,2,1,1,4,2,2,0,0,0,8,2,2,1,6,1,1,12,20,20,10,122,56,10,i,4,55,6,6,1,7,7,7,7,2,4,4,3,2,8,4,4,1,1,1,16,4,4,2,12,2,2,24,41,41,21,245,113,20,C,0,3,0,0,0,0,0,0,0,0,0,0,0,0,0,0,0,0,0,0,0,0,0,0,0,0,0,1,2,2,1,13,6,1,q,1,18,2,2,0,2,2,2,2,0,1,1,1,0,2,1,1,0,0,0,5,1,1,0,4,0,0,8,13,13,7,81,37,6,x,1,18,2,2,0,2,2,2,2,0,1,1,1,0,2,1,1,0,0,0,5,1,1,0,4,0,0,8,13,13,7,81,37,6,D,0,3,0,0,0,0,0,0,0,0,0,0,0,0,0,0,0,0,0,0,1,0,0,0,0,0,0,1,2,2,1,15,7,1,
c,0,16,2,2,1,1,1,1,1,0,1,1,1,0,2,1,1,0,0,0,4,1,1,0,6,1,1,4,12,12,6,72,32,6,z,0,1,0,0,0,0,0,0,0,0,0,0,0,0,0,0,0,0,0,0,0,0,0,0,0,0,0,0,0,0,0,5,2,0,k,0,11,1,1,0,1,1,1,1,0,1,1,0,0,1,0,0,0,0,0,2,0,0,0,4,0,0,2,8,8,4,48,21,4,r,0,11,1,1,0,1,1,1,1,0,1,1,0,0,1,0,0,0,0,0,2,0,0,0,4,0,0,2,8,8,4,48,21,4,d,3,67,8,8,4,6,6,6,6,1,7,7,4,2,8,4,4,3,3,2,16,4,4,1,24,4,4,16,48,48,24,289,131,24,l,0,9,1,1,0,0,0,0,0,0,1,1,0,0,1,0,0,0,0,0,2,0,0,0,3,0,0,2,6,6,3,41,18,3,m,0,9,1,1,0,0,0,0,0,0,1,1,0,0,1,0,0,0,0,0,2,0,0,0,3,0,0,2,6,6,3,41,18,3,s,0,9,1,1,0,0,0,0,0,0,1,1,0,0,1,0,0,0,0,0,2,0,0,0,3,0,0,2,6,6,3,41,18,3,t,0,9,1,1,0,0,0,0,0,0,1,1,0,0,1,0,0,0,0,0,2,0,0,0,3,0,0,2,6,6,3,41,18,3,e,1,33,4,4,2,3,3,3,3,0,3,3,2,1,4,2,2,1,1,1,8,2,2,0,12,2,2,8,24,24,12,144,65,12,n,0,16,2,2,1,1,1,1,1,0,1,1,1,0,2,1,1,0,0,0,4,1,1,0,6,1,1,4,12,12,6,72,32,6,u,0,16,2,2,1,1,1,1,1,0,1,1,1,0,2,1,1,0,0,0,4,1,1,0,6,1,1,4,12,12,6,72,32,6,j,1,22,2,2,1,2,2,2,2,0,2,2,1,0,2,1,1,1,1,0,5,1,1,0,8,1,1,5,16,16,8,96,43,8,g,1,33,4,4,2,3,3,3,3,0,3,3,2,1,4,2,2,1,1,1,8,2,2,0,12,2,2,8,24,24,12,144,65,12,A,0,8,1,1,0,0,0,0,0,0,0,0,0,0,1,0,0,0,0,0,2,0,0,0,3,0,0,2,6,6,3,36,16,3,o,0,16,2,2,1,1,1,1,1,0,1,1,1,0,2,1,1,0,0,0,4,1,1,0,6,1,1,4,12,12,6,72,32,6,v,0,16,2,2,1,1,1,1,1,0,1,1,1,0,2,1,1,0,0,0,4,1,1,0,6,1,1,4,12,12,6,72,32,6,a,3,67,8,8,4,6,6,6,6,1,7,7,4,2,8,4,4,3,3,2,16,4,4,1,24,4,4,16,48,48,24,289,131,24,b,3,67,8,8,4,6,6,6,6,1,7,7,4,2,8,4,4,3,3,2,16,4,4,1,24,4,4,16,48,48,24,289,131,24,h,3,67,8,8,4,6,6,6,6,1,7,7,4,2,8,4,4,3,3,2,16,4,4,1,24,4,4,16,48,48,24,289,131,24,B,0,4,0,0,0,0,0,0,0,0,0,0,0,0,0,0,0,0,0,0,1,0,0,0,1,0,0,1,3,3,1,18,8,1,p,0,16,2,2,1,1,1,1,1,0,1,1,1,0,2,1,1,0,0,0,4,1,1,0,6,1,1,4,12,12,6,72,32,6,w,0,16,2,2,1,1,1,1,1,0,1,1,1,0,2,1,1,0,0,0,4,1,1,0,6,1,1,4,12,12,6,72,32,6,i,1,33,4,4,2,3,3,3,3,0,3,3,2,1,4,2,2,1,1,1,8,2,2,0,12,2,2,8,24,24,12,144,65,12,C,0,5,0,0,0,0,0,0,0,0,0,0,0,0,0,0,0,0,0,0,1,0,0,0,2,0,0,1,4,4,2,24,10,2,q,1,33,4,4,2,3,3,3,3,0,3,3,2,1,4,2,2,1,1,1,8,2,2,0,12,2,2,8,24,24,12,144,65,12,x,1,33,4,4,2,3,3,3,3,0,3,3,2,1,4,2,2,1,1,1,8,2,2,0,12,2,2,8,24,24,12,144,65,12,D,0,2,0,0,0,0,0,0,0,0,0,0,0,0,0,0,0,0,0,0,0,0,0,0,1,0,0,0,2,2,1,12,5,1,
c,1,26,3,3,1,2,2,2,2,1,2,2,0,0,4,2,2,1,1,0,5,1,1,0,8,1,1,10,20,20,10,115,49,10,z,0,1,0,0,0,0,0,0,0,0,0,0,0,0,0,0,0,0,0,0,0,0,0,0,0,0,0,0,0,0,0,5,2,0,k,0,10,1,1,0,1,1,1,1,0,0,0,0,0,1,0,0,0,0,0,2,0,0,0,3,0,0,4,7,7,3,43,18,3,r,0,10,1,1,0,1,1,1,1,0,0,0,0,0,1,0,0,0,0,0,2,0,0,0,3,0,0,4,7,7,3,43,18,3,d,1,20,2,2,0,2,2,2,2,1,1,1,0,0,3,1,1,1,1,0,4,1,1,0,6,1,1,8,15,15,7,86,37,7,l,0,13,1,1,0,1,1,1,1,0,1,1,0,0,2,1,1,0,0,0,2,0,0,0,4,0,0,5,10,10,5,57,24,5,m,0,13,1,1,0,1,1,1,1,0,1,1,0,0,2,1,1,0,0,0,2,0,0,0,4,0,0,5,10,10,5,57,24,5,s,0,13,1,1,0,1,1,1,1,0,1,1,0,0,2,1,1,0,0,0,2,0,0,0,4,0,0,5,10,10,5,57,24,5,t,0,13,1,1,0,1,1,1,1,0,1,1,0,0,2,1,1,0,0,0,2,0,0,0,4,0,0,5,10,10,5,57,24,5,e,4,80,11,11,3,8,8,8,8,4,6,6,2,1,14,7,7,4,4,2,16,4,4,2,24,4,4,32,62,62,31,345,148,31,n,0,11,1,1,0,1,1,1,1,0,0,0,0,0,2,1,1,0,0,0,2,0,0,0,3,0,0,4,8,8,4,49,21,4,u,0,11,1,1,0,1,1,1,1,0,0,0,0,0,2,1,1,0,0,0,2,0,0,0,3,0,0,4,8,8,4,49,21,4,j,1,20,2,2,0,2,2,2,2,1,1,1,0,0,3,1,1,1,1,0,4,1,1,0,6,1,1,8,15,15,7,86,37,7,g,2,40,5,5,1,4,4,4,4,2,3,3,1,0,7,3,3,2,2,1,8,2,2,1,12,2,2,16,31,31,15,172,74,15,A,0,10,1,1,0,1,1,1,1,0,0,0,0,0,1,0,0,0,0,0,2,0,0,0,3,0,0,4,7,7,3,43,18,3,o,1,20,2,2,0,2,2,2,2,1,1,1,0,0,3,1,1,1,1,0,4,1,1,0,6,1,1,8,15,15,7,86,37,7,v,1,20,2,2,0,2,2,2,2,1,1,1,0,0,3,1,1,1,1,0,4,1,1,0,6,1,1,8,15,15,7,86,37,7,a,1,26,3,3,1,2,2,2,2,1,2,2,0,0,4,2,2,1,1,0,5,1,1,0,8,1,1,10,20,20,10,115,49,10,b,1,26,3,3,1,2,2,2,2,1,2,2,0,0,4,2,2,1,1,0,5,1,1,0,8,1,1,10,20,20,10,115,49,10,h,2,40,5,5,1,4,4,4,4,2,3,3,1,0,7,3,3,2,2,1,8,2,2,1,12,2,2,16,31,31,15,172,74,15,B,0,5,0,0,0,0,0,0,0,0,0,0,0,0,0,0,0,0,0,0,1,0,0,0,1,0,0,2,3,3,1,21,9,1,p,1,20,2,2,0,2,2,2,2,1,1,1,0,0,3,1,1,1,1,0,4,1,1,0,6,1,1,8,15,15,7,86,37,7,w,1,20,2,2,0,2,2,2,2,1,1,1,0,0,3,1,1,1,1,0,4,1,1,0,6,1,1,8,15,15,7,86,37,7,i,4,80,11,11,3,8,8,8,8,4,6,6,2,1,14,7,7,4,4,2,16,4,4,2,24,4,4,32,62,62,31,345,148,31,C,0,3,0,0,0,0,0,0,0,0,0,0,0,0,0,0,0,0,0,0,0,0,0,0,1,0,0,1,2,2,1,14,6,1,q,1,20,2,2,0,2,2,2,2,1,1,1,0,0,3,1,1,1,1,0,4,1,1,0,6,1,1,8,15,15,7,86,37,7,x,1,20,2,2,0,2,2,2,2,1,1,1,0,0,3,1,1,1,1,0,4,1,1,0,6,1,1,8,15,15,7,86,37,7,D,0,5,0,0,0,0,0,0,0,0,0,0,0,0,0,0,0,0,0,0,1,0,0,0,1,0,0,2,3,3,1,21,9,1,
c,1,24,2,2,1,2,2,2,2,0,2,2,1,1,3,1,1,0,0,0,7,1,1,0,6,1,1,8,17,17,8,104,48,8,z,0,1,0,0,0,0,0,0,0,0,0,0,0,0,0,0,0,0,0,0,0,0,0,0,0,0,0,0,0,0,0,5,2,0,k,0,8,0,0,0,1,1,1,1,0,0,0,0,0,1,0,0,0,0,0,2,0,0,0,2,0,0,2,6,6,3,37,17,3,r,0,8,0,0,0,1,1,1,1,0,0,0,0,0,1,0,0,0,0,0,2,0,0,0,2,0,0,2,6,6,3,37,17,3,d,2,32,3,3,1,3,3,3,3,1,2,2,2,1,4,2,2,0,0,0,9,2,2,0,8,1,1,10,22,22,11,138,64,11,l,0,12,1,1,0,1,1,1,1,0,1,1,0,0,1,0,0,0,0,0,3,0,0,0,3,0,0,4,8,8,4,52,24,4,m,0,12,1,1,0,1,1,1,1,0,1,1,0,0,1,0,0,0,0,0,3,0,0,0,3,0,0,4,8,8,4,52,24,4,s,0,12,1,1,0,1,1,1,1,0,1,1,0,0,1,0,0,0,0,0,3,0,0,0,3,0,0,4,8,8,4,52,24,4,t,0,12,1,1,0,1,1,1,1,0,1,1,0,0,1,0,0,0,0,0,3,0,0,0,3,0,0,4,8,8,4,52,24,4,e,1,24,2,2,1,2,2,2,2,0,2,2,1,1,3,1,1,0,0,0,7,1,1,0,6,1,1,8,17,17,8,104,48,8,n,1,16,1,1,0,1,1,1,1,0,1,1,1,0,2,1,1,0,0,0,4,1,1,0,4,0,0,5,11,11,5,69,32,5,u,1,16,1,1,0,1,1,1,1,0,1,1,1,0,2,1,1,0,0,0,4,1,1,0,4,0,0,5,11,11,5,69,32,5,j,3,48,5,5,2,5,5,5,5,1,4,4,3,2,6,3,3,1,1,0,14,3,3,1,12,2,2,16,34,34,17,208,96,16,g,6,96,10,10,4,11,11,11,11,3,8,8,6,4,12,6,6,2,2,1,28,7,7,2,24,4,4,32,68,68,35,416,192,33,A,0,6,0,0,0,0,0,0,0,0,0,0,0,0,0,0,0,0,0,0,2,0,0,0,1,0,0,2,4,4,2,29,13,2,o,0,13,1,1,0,1,1,1,1,0,1,1,0,0,1,0,0,0,0,0,4,1,1,0,3,0,0,4,9,9,5,59,27,4,v,0,13,1,1,0,1,1,1,1,0,1,1,0,0,1,0,0,0,0,0,4,1,1,0,3,0,0,4,9,9,5,59,27,4,a,1,24,2,2,1,2,2,2,2,0,2,2,1,1,3,1,1,0,0,0,7,1,1,0,6,1,1,8,17,17,8,104,48,8,b,1,24,2,2,1,2,2,2,2,0,2,2,1,1,3,1,1,0,0,0,7,1,1,0,6,1,1,8,17,17,8,104,48,8,h,3,48,5,5,2,5,5,5,5,1,4,4,3,2,6,3,3,1,1,0,14,3,3,1,12,2,2,16,34,34,17,208,96,16,B,0,6,0,0,0,0,0,0,0,0,0,0,0,0,0,0,0,0,0,0,1,0,0,0,1,0,0,2,4,4,2,26,12,2,p,1,24,2,2,1,2,2,2,2,0,2,2,1,1,3,1,1,0,0,0,7,1,1,0,6,1,1,8,17,17,8,104,48,8,w,1,24,2,2,1,2,2,2,2,0,2,2,1,1,3,1,1,0,0,0,7,1,1,0,6,1,1,8,17,17,8,104,48,8,i,3,48,5,5,2,5,5,5,5,1,4,4,3,2,6,3,3,1,1,0,14,3,3,1,12,2,2,16,34,34,17,208,96,16,C,0,4,0,0,0,0,0,0,0,0,0,0,0,0,0,0,0,0,0,0,1,0,0,0,1,0,0,1,2,2,1,17,8,1,q,1,24,2,2,1,2,2,2,2,0,2,2,1,1,3,1,1,0,0,0,7,1,1,0,6,1,1,8,17,17,8,104,48,8,x,1,24,2,2,1,2,2,2,2,0,2,2,1,1,3,1,1,0,0,0,7,1,1,0,6,1,1,8,17,17,8,104,48,8,D,0,3,0,0,0,0,0,0,0,0,0,0,0,0,0,0,0,0,0,0,0,0,0,0,0,0,0,1,2,2,1,13,6,1,
c,0,19,2,2,1,1,1,1,1,0,1,1,0,0,2,1,1,1,1,0,4,1,1,0,7,1,1,5,14,14,7,82,35,7,z,0,1,0,0,0,0,0,0,0,0,0,0,0,0,0,0,0,0,0,0,0,0,0,0,0,0,0,0,0,0,0,5,2,0,k,0,11,1,1,0,1,1,1,1,0,1,1,0,0,1,0,0,0,0,0,2,0,0,0,4,0,0,3,8,8,4,49,21,4,r,0,11,1,1,0,1,1,1,1,0,1,1,0,0,1,0,0,0,0,0,2,0,0,0,4,0,0,3,8,8,4,49,21,4,d,1,29,3,3,1,2,2,2,2,1,2,2,1,0,4,2,2,1,1,1,6,1,1,0,10,1,1,8,21,21,10,123,53,10,l,0,10,1,1,0,0,0,0,0,0,1,1,0,0,1,0,0,0,0,0,2,0,0,0,3,0,0,2,7,7,3,44,19,3,m,0,10,1,1,0,0,0,0,0,0,1,1,0,0,1,0,0,0,0,0,2,0,0,0,3,0,0,2,7,7,3,44,19,3,s,0,10,1,1,0,0,0,0,0,0,1,1,0,0,1,0,0,0,0,0,2,0,0,0,3,0,0,2,7,7,3,44,19,3,t,0,10,1,1,0,0,0,0,0,0,1,1,0,0,1,0,0,0,0,0,2,0,0,0,3,0,0,2,7,7,3,44,19,3,e,1,38,5,5,2,3,3,3,3,1,3,3,1,1,5,2,2,2,2,1,8,2,2,0,14,2,2,10,28,28,14,164,71,14,n,0,14,1,1,0,1,1,1,1,0,1,1,0,0,2,1,1,0,0,0,3,0,0,0,5,0,0,4,10,10,5,61,26,5,u,0,14,1,1,0,1,1,1,1,0,1,1,0,0,2,1,1,0,0,0,3,0,0,0,5,0,0,4,10,10,5,61,26,5,j,0,19,2,2,1,1,1,1,1,0,1,1,0,0,2,1,1,1,1,0,4,1,1,0,7,1,1,5,14,14,7,82,35,7,g,1,29,3,3,1,2,2,2,2,1,2,2,1,0,4,2,2,1,1,1,6,1,1,0,10,1,1,8,21,21,10,123,53,10,A,0,9,1,1,0,0,0,0,0,0,0,0,0,0,1,0,0,0,0,0,2,0,0,0,3,0,0,2,7,7,3,41,17,3,o,0,19,2,2,1,1,1,1,1,0,1,1,0,0,2,1,1,1,1,0,4,1,1,0,7,1,1,5,14,14,7,82,35,7,v,0,19,2,2,1,1,1,1,1,0,1,1,0,0,2,1,1,1,1,0,4,1,1,0,7,1,1,5,14,14,7,82,35,7,a,2,58,7,7,3,5,5,5,5,2,5,5,2,1,8,4,4,3,3,2,12,3,3,0,21,3,3,16,42,42,21,246,107,21,b,2,58,7,7,3,5,5,5,5,2,5,5,2,1,8,4,4,3,3,2,12,3,3,0,21,3,3,16,42,42,21,246,107,21,h,4,116,15,15,6,10,10,10,10,4,11,11,5,3,16,8,8,6,6,4,24,6,6,1,42,7,7,32,85,85,43,492,215,42,B,0,4,0,0,0,0,0,0,0,0,0,0,0,0,0,0,0,0,0,0,0,0,0,0,1,0,0,1,3,3,1,17,7,1,p,0,16,2,2,0,1,1,1,1,0,1,1,0,0,2,1,1,0,0,0,3,0,0,0,6,1,1,4,12,12,6,70,30,6,w,0,16,2,2,0,1,1,1,1,0,1,1,0,0,2,1,1,0,0,0,3,0,0,0,6,1,1,4,12,12,6,70,30,6,i,2,58,7,7,3,5,5,5,5,2,5,5,2,1,8,4,4,3,3,2,12,3,3,0,21,3,3,16,42,42,21,246,107,21,C,0,4,0,0,0,0,0,0,0,0,0,0,0,0,0,0,0,0,0,0,1,0,0,0,1,0,0,1,3,3,1,20,8,1,q,1,29,3,3,1,2,2,2,2,1,2,2,1,0,4,2,2,1,1,1,6,1,1,0,10,1,1,8,21,21,10,123,53,10,x,1,29,3,3,1,2,2,2,2,1,2,2,1,0,4,2,2,1,1,1,6,1,1,0,10,1,1,8,21,21,10,123,53,10,D,0,3,0,0,0,0,0,0,0,0,0,0,0,0,0,0,0,0,0,0,0,0,0,0,1,0,0,1,2,2,1,15,6,1,
c,1,34,4,4,1,3,3,3,3,1,2,2,1,1,5,2,2,1,1,0,8,2,2,1,9,1,1,14,25,25,13,148,65,12,z,0,1,0,0,0,0,0,0,0,0,0,0,0,0,0,0,0,0,0,0,0,0,0,0,0,0,0,0,0,0,0,5,2,0,k,0,9,1,1,0,1,1,1,1,0,0,0,0,0,1,0,0,0,0,0,2,0,0,0,2,0,0,3,6,6,3,39,17,3,r,0,9,1,1,0,1,1,1,1,0,0,0,0,0,1,0,0,0,0,0,2,0,0,0,2,0,0,3,6,6,3,39,17,3,d,1,23,2,2,0,2,2,2,2,1,1,1,0,0,3,1,1,0,0,0,5,1,1,0,6,1,1,9,17,17,8,98,43,8,l,0,13,1,1,0,1,1,1,1,0,1,1,0,0,2,1,1,0,0,0,3,0,0,0,3,0,0,5,10,10,5,59,26,5,m,0,13,1,1,0,1,1,1,1,0,1,1,0,0,2,1,1,0,0,0,3,0,0,0,3,0,0,5,10,10,5,59,26,5,s,0,13,1,1,0,1,1,1,1,0,1,1,0,0,2,1,1,0,0,0,3,0,0,0,3,0,0,5,10,10,5,59,26,5,t,0,13,1,1,0,1,1,1,1,0,1,1,0,0,2,1,1,0,0,0,3,0,0,0,3,0,0,5,10,10,5,59,26,5,e,1,34,4,4,1,3,3,3,3,1,2,2,1,1,5,2,2,1,1,0,8,2,2,1,9,1,1,14,25,25,13,148,65,12,n,0,12,1,1,0,1,1,1,1,0,0,0,0,0,2,1,1,0,0,0,2,0,0,0,3,0,0,5,9,9,4,53,23,4,u,0,12,1,1,0,1,1,1,1,0,0,0,0,0,2,1,1,0,0,0,2,0,0,0,3,0,0,5,9,9,4,53,23,4,j,1,27,3,3,0,3,3,3,3,1,2,2,1,0,4,2,2,1,1,0,6,1,1,0,7,1,1,11,20,20,10,118,52,10,g,2,46,5,5,1,5,5,5,5,2,3,3,1,1,7,3,3,1,1,1,10,2,2,1,12,2,2,18,34,34,17,197,87,16,A,0,8,1,1,0,0,0,0,0,0,0,0,0,0,1,0,0,0,0,0,2,0,0,0,2,0,0,3,6,6,3,37,16,3,o,0,17,2,2,0,1,1,1,1,0,1,1,0,0,2,1,1,0,0,0,4,1,1,0,4,0,0,7,12,12,6,74,32,6,v,0,17,2,2,0,1,1,1,1,0,1,1,0,0,2,1,1,0,0,0,4,1,1,0,4,0,0,7,12,12,6,74,32,6,a,1,23,2,2,0,2,2,2,2,1,1,1,0,0,3,1,1,0,0,0,5,1,1,0,6,1,1,9,17,17,8,98,43,8,b,1,23,2,2,0,2,2,2,2,1,1,1,0,0,3,1,1,0,0,0,5,1,1,0,6,1,1,9,17,17,8,98,43,8,h,1,34,4,4,1,3,3,3,3,1,2,2,1,1,5,2,2,1,1,0,8,2,2,1,9,1,1,14,25,25,13,148,65,12,B,0,5,0,0,0,0,0,0,0,0,0,0,0,0,0,0,0,0,0,0,1,0,0,0,1,0,0,2,4,4,2,24,10,2,p,1,23,2,2,0,2,2,2,2,1,1,1,0,0,3,1,1,0,0,0,5,1,1,0,6,1,1,9,17,17,8,98,43,8,w,1,23,2,2,0,2,2,2,2,1,1,1,0,0,3,1,1,0,0,0,5,1,1,0,6,1,1,9,17,17,8,98,43,8,i,7,138,17,17,4,15,15,15,15,6,10,10,5,4,22,11,11,5,5,3,32,8,8,4,36,6,6,56,103,103,53,593,261,50,C,0,3,0,0,0,0,0,0,0,0,0,0,0,0,0,0,0,0,0,0,0,0,0,0,0,0,0,1,2,2,1,14,6,1,q,1,19,2,2,0,2,2,2,2,0,1,1,0,0,3,1,1,0,0,0,4,1,1,0,5,0,0,8,14,14,7,84,37,7,x,1,19,2,2,0,2,2,2,2,0,1,1,0,0,3,1,1,0,0,0,4,1,1,0,5,0,0,8,14,14,7,84,37,7,D,0,4,0,0,0,0,0,0,0,0,0,0,0,0,0,0,0,0,0,0,1,0,0,0,1,0,0,1,3,3,1,18,8,1,
c,1,23,2,2,1,2,2,2,2,0,2,2,1,0,2,1,1,0,0,0,6,1,1,0,6,1,1,6,16,16,8,101,46,8,z,0,1,0,0,0,0,0,0,0,0,0,0,0,0,0,0,0,0,0,0,0,0,0,0,0,0,0,0,0,0,0,5,2,0,k,0,9,1,1,0,1,1,1,1,0,0,0,0,0,1,0,0,0,0,0,2,0,0,0,2,0,0,2,6,6,3,41,19,3,r,0,9,1,1,0,1,1,1,1,0,0,0,0,0,1,0,0,0,0,0,2,0,0,0,2,0,0,2,6,6,3,41,19,3,d,2,41,4,4,1,4,4,4,4,1,3,3,2,1,5,2,2,1,1,1,11,2,2,0,12,2,2,12,29,29,14,177,80,14,l,0,11,1,1,0,1,1,1,1,0,1,1,0,0,1,0,0,0,0,0,2,0,0,0,3,0,0,3,7,7,3,47,21,3,m,0,11,1,1,0,1,1,1,1,0,1,1,0,0,1,0,0,0,0,0,2,0,0,0,3,0,0,3,7,7,3,47,21,3,s,0,11,1,1,0,1,1,1,1,0,1,1,0,0,1,0,0,0,0,0,2,0,0,0,3,0,0,3,7,7,3,47,21,3,t,0,11,1,1,0,1,1,1,1,0,1,1,0,0,1,0,0,0,0,0,2,0,0,0,3,0,0,3,7,7,3,47,21,3,e,1,27,3,3,1,2,2,2,2,0,2,2,1,1,3,1,1,0,0,0,7,1,1,0,8,1,1,8,19,19,9,118,53,9,n,0,16,1,1,0,1,1,1,1,0,1,1,1,0,2,1,1,0,0,0,4,1,1,0,4,0,0,4,11,11,5,70,32,5,u,0,16,1,1,0,1,1,1,1,0,1,1,1,0,2,1,1,0,0,0,4,1,1,0,4,0,0,4,11,11,5,70,32,5,j,1,33,3,3,1,3,3,3,3,0,3,3,2,1,4,2,2,1,1,0,8,2,2,0,9,1,1,9,23,23,11,141,64,11,g,2,41,4,4,1,4,4,4,4,1,3,3,2,1,5,2,2,1,1,1,11,2,2,0,12,2,2,12,29,29,14,177,80,14,A,0,7,0,0,0,0,0,0,0,0,0,0,0,0,0,0,0,0,0,0,2,0,0,0,2,0,0,2,5,5,2,32,14,2,o,0,15,1,1,0,1,1,1,1,0,1,1,0,0,1,0,0,0,0,0,4,1,1,0,4,0,0,4,10,10,5,64,29,5,v,0,15,1,1,0,1,1,1,1,0,1,1,0,0,1,0,0,0,0,0,4,1,1,0,4,0,0,4,10,10,5,64,29,5,a,1,33,3,3,1,3,3,3,3,0,3,3,2,1,4,2,2,1,1,0,8,2,2,0,9,1,1,9,23,23,11,141,64,11,b,1,33,3,3,1,3,3,3,3,0,3,3,2,1,4,2,2,1,1,0,8,2,2,0,9,1,1,9,23,23,11,141,64,11,h,3,55,6,6,2,5,5,5,5,1,5,5,3,2,6,3,3,1,1,1,14,3,3,1,16,2,2,16,38,38,19,236,107,19,B,0,5,0,0,0,0,0,0,0,0,0,0,0,0,0,0,0,0,0,0,1,0,0,0,1,0,0,1,3,3,1,22,10,1,p,1,20,2,2,0,2,2,2,2,0,1,1,1,0,2,1,1,0,0,0,5,1,1,0,6,1,1,6,14,14,7,88,40,7,w,1,20,2,2,0,2,2,2,2,0,1,1,1,0,2,1,1,0,0,0,5,1,1,0,6,1,1,6,14,14,7,88,40,7,i,2,41,4,4,1,4,4,4,4,1,3,3,2,1,5,2,2,1,1,1,11,2,2,0,12,2,2,12,29,29,14,177,80,14,C,0,4,0,0,0,0,0,0,0,0,0,0,0,0,0,0,0,0,0,0,1,0,0,0,1,0,0,1,3,3,1,19,8,1,q,1,27,3,3,1,2,2,2,2,0,2,2,1,1,3,1,1,0,0,0,7,1,1,0,8,1,1,8,19,19,9,118,53,9,x,1,27,3,3,1,2,2,2,2,0,2,2,1,1,3,1,1,0,0,0,7,1,1,0,8,1,1,8,19,19,9,118,53,9,D,0,2,0,0,0,0,0,0,0,0,0,0,0,0,0,0,0,0,0,0,0,0,0,0,0,0,0,0,2,2,1,12,5,1,
c,0,22,2,2,1,2,2,2,2,0,1,1,0,0,3,1,1,1,1,0,4,1,1,0,7,1,1,7,16,16,8,93,40,8,z,0,1,0,0,0,0,0,0,0,0,0,0,0,0,0,0,0,0,0,0,0,0,0,0,0,0,0,0,0,0,0,5,2,0,k,0,11,1,1,0,1,1,1,1,0,0,0,0,0,1,0,0,0,0,0,2,0,0,0,3,0,0,3,8,8,4,46,20,4,r,0,11,1,1,0,1,1,1,1,0,0,0,0,0,1,0,0,0,0,0,2,0,0,0,3,0,0,3,8,8,4,46,20,4,d,1,28,3,3,1,2,2,2,2,1,2,2,1,0,4,2,2,1,1,0,5,1,1,0,9,1,1,9,21,21,10,120,51,10,l,0,11,1,1,0,1,1,1,1,0,1,1,0,0,1,0,0,0,0,0,2,0,0,0,3,0,0,3,8,8,4,49,21,4,m,0,11,1,1,0,1,1,1,1,0,1,1,0,0,1,0,0,0,0,0,2,0,0,0,3,0,0,3,8,8,4,49,21,4,s,0,11,1,1,0,1,1,1,1,0,1,1,0,0,1,0,0,0,0,0,2,0,0,0,3,0,0,3,8,8,4,49,21,4,t,0,11,1,1,0,1,1,1,1,0,1,1,0,0,1,0,0,0,0,0,2,0,0,0,3,0,0,3,8,8,4,49,21,4,e,2,49,6,6,2,4,4,4,4,1,4,4,1,1,7,3,3,2,2,1,10,2,2,1,16,2,2,16,36,36,18,210,90,18,n,0,13,1,1,0,1,1,1,1,0,1,1,0,0,2,1,1,0,0,0,2,0,0,0,4,0,0,4,9,9,4,56,24,4,u,0,13,1,1,0,1,1,1,1,0,1,1,0,0,2,1,1,0,0,0,2,0,0,0,4,0,0,4,9,9,4,56,24,4,j,0,19,2,2,0,1,1,1,1,0,1,1,0,0,3,1,1,1,1,0,4,1,1,0,6,1,1,6,14,14,7,84,36,7,g,1,33,4,4,1,3,3,3,3,1,2,2,1,0,5,2,2,1,1,1,6,1,1,0,11,1,1,10,24,24,12,140,60,12,A,0,9,1,1,0,0,0,0,0,0,0,0,0,0,1,0,0,0,0,0,2,0,0,0,3,0,0,3,7,7,3,42,18,3,o,0,19,2,2,0,1,1,1,1,0,1,1,0,0,3,1,1,1,1,0,4,1,1,0,6,1,1,6,14,14,7,84,36,7,v,0,19,2,2,0,1,1,1,1,0,1,1,0,0,3,1,1,1,1,0,4,1,1,0,6,1,1,6,14,14,7,84,36,7,a,1,39,5,5,1,3,3,3,3,1,3,3,1,0,6,3,3,2,2,1,8,2,2,0,13,2,2,12,29,29,14,168,72,14,b,1,39,5,5,1,3,3,3,3,1,3,3,1,0,6,3,3,2,2,1,8,2,2,0,13,2,2,12,29,29,14,168,72,14,h,2,49,6,6,2,4,4,4,4,1,4,4,1,1,7,3,3,2,2,1,10,2,2,1,16,2,2,16,36,36,18,210,90,18,B,0,4,0,0,0,0,0,0,0,0,0,0,0,0,0,0,0,0,0,0,0,0,0,0,1,0,0,1,3,3,1,19,8,1,p,0,18,2,2,0,1,1,1,1,0,1,1,0,0,2,1,1,0,0,0,3,0,0,0,6,1,1,5,13,13,6,76,33,6,w,0,18,2,2,0,1,1,1,1,0,1,1,0,0,2,1,1,0,0,0,3,0,0,0,6,1,1,5,13,13,6,76,33,6,i,2,66,8,8,3,6,6,6,6,2,5,5,2,1,10,5,5,3,3,2,13,3,3,1,22,3,3,21,49,49,24,280,121,24,C,0,4,0,0,0,0,0,0,0,0,0,0,0,0,0,0,0,0,0,0,0,0,0,0,1,0,0,1,3,3,1,17,7,1,q,1,24,3,3,1,2,2,2,2,0,2,2,0,0,3,1,1,1,1,0,5,1,1,0,8,1,1,8,18,18,9,105,45,9,x,1,24,3,3,1,2,2,2,2,0,2,2,0,0,3,1,1,1,1,0,5,1,1,0,8,1,1,8,18,18,9,105,45,9,D,0,4,0,0,0,0,0,0,0,0,0,0,0,0,0,0,0,0,0,0,0,0,0,0,1,0,0,1,3,3,1,17,7,1,
c,1,29,3,3,1,3,3,3,3,1,2,2,1,0,4,2,2,0,0,0,7,1,1,0,7,1,1,11,21,21,10,126,56,10,z,0,1,0,0,0,0,0,0,0,0,0,0,0,0,0,0,0,0,0,0,0,0,0,0,0,0,0,0,0,0,0,5,2,0,k,0,9,1,1,0,1,1,1,1,0,0,0,0,0,1,0,0,0,0,0,2,0,0,0,2,0,0,3,6,6,3,38,17,3,r,0,9,1,1,0,1,1,1,1,0,0,0,0,0,1,0,0,0,0,0,2,0,0,0,2,0,0,3,6,6,3,38,17,3,d,1,26,3,3,0,2,2,2,2,1,2,2,1,0,3,1,1,0,0,0,6,1,1,0,6,1,1,9,19,19,9,112,50,9,l,0,13,1,1,0,1,1,1,1,0,1,1,0,0,1,0,0,0,0,0,3,0,0,0,3,0,0,4,9,9,4,56,25,4,m,0,13,1,1,0,1,1,1,1,0,1,1,0,0,1,0,0,0,0,0,3,0,0,0,3,0,0,4,9,9,4,56,25,4,s,0,13,1,1,0,1,1,1,1,0,1,1,0,0,1,0,0,0,0,0,3,0,0,0,3,0,0,4,9,9,4,56,25,4,t,0,13,1,1,0,1,1,1,1,0,1,1,0,0,1,0,0,0,0,0,3,0,0,0,3,0,0,4,9,9,4,56,25,4,e,2,33,3,3,1,3,3,3,3,1,2,2,1,1,4,2,2,1,1,0,8,2,2,0,8,1,1,12,24,24,12,144,64,12,n,0,13,1,1,0,1,1,1,1,0,1,1,0,0,2,1,1,0,0,0,3,0,0,0,3,0,0,5,10,10,5,59,26,4,u,0,13,1,1,0,1,1,1,1,0,1,1,0,0,2,1,1,0,0,0,3,0,0,0,3,0,0,5,10,10,5,59,26,4,j,2,33,3,3,1,3,3,3,3,1,2,2,1,1,4,2,2,1,1,0,8,2,2,0,8,1,1,12,24,24,12,144,64,12,g,3,59,6,6,2,6,6,6,6,2,4,4,2,1,8,4,4,1,1,1,15,3,3,1,15,2,2,22,42,42,21,253,113,21,A,0,7,0,0,0,0,0,0,0,0,0,0,0,0,1,0,0,0,0,0,2,0,0,0,2,0,0,2,5,5,2,33,15,2,o,0,15,1,1,0,1,1,1,1,0,1,1,0,0,2,1,1,0,0,0,4,1,1,0,4,0,0,5,11,11,5,67,30,5,v,0,15,1,1,0,1,1,1,1,0,1,1,0,0,2,1,1,0,0,0,4,1,1,0,4,0,0,5,11,11,5,67,30,5,a,1,23,2,2,0,2,2,2,2,0,1,1,1,0,3,1,1,0,0,0,6,1,1,0,6,1,1,8,17,17,8,101,45,8,b,1,23,2,2,0,2,2,2,2,0,1,1,1,0,3,1,1,0,0,0,6,1,1,0,6,1,1,8,17,17,8,101,45,8,h,2,39,4,4,1,4,4,4,4,1,3,3,1,1,5,2,2,1,1,0,10,2,2,1,10,1,1,14,28,28,14,168,75,14,B,0,5,0,0,0,0,0,0,0,0,0,0,0,0,0,0,0,0,0,0,1,0,0,0,1,0,0,2,4,4,2,25,11,2,p,1,23,2,2,0,2,2,2,2,0,1,1,1,0,3,1,1,0,0,0,6,1,1,0,6,1,1,8,17,17,8,101,45,8,w,1,23,2,2,0,2,2,2,2,0,1,1,1,0,3,1,1,0,0,0,6,1,1,0,6,1,1,8,17,17,8,101,45,8,i,3,59,6,6,2,6,6,6,6,2,4,4,2,1,8,4,4,1,1,1,15,3,3,1,15,2,2,22,42,42,21,253,113,21,C,0,3,0,0,0,0,0,0,0,0,0,0,0,0,0,0,0,0,0,0,0,0,0,0,0,0,0,1,2,2,1,15,6,1,q,1,21,2,2,0,2,2,2,2,0,1,1,1,0,3,1,1,0,0,0,5,1,1,0,5,0,0,8,15,15,7,92,41,7,x,1,21,2,2,0,2,2,2,2,0,1,1,1,0,3,1,1,0,0,0,5,1,1,0,5,0,0,8,15,15,7,92,41,7,D,0,3,0,0,0,0,0,0,0,0,0,0,0,0,0,0,0,0,0,0,0,0,0,0,0,0,0,1,2,2,1,15,7,1,
c,0,20,2,2,1,1,1,1,1,0,1,1,1,0,2,1,1,0,0,0,4,1,1,0,6,1,1,5,14,14,7,85,38,7,z,0,1,0,0,0,0,0,0,0,0,0,0,0,0,0,0,0,0,0,0,0,0,0,0,0,0,0,0,0,0,0,5,2,0,k,0,10,1,1,0,1,1,1,1,0,0,0,0,0,1,0,0,0,0,0,2,0,0,0,3,0,0,2,7,7,3,44,19,3,r,0,10,1,1,0,1,1,1,1,0,0,0,0,0,1,0,0,0,0,0,2,0,0,0,3,0,0,2,7,7,3,44,19,3,d,1,35,4,4,1,3,3,3,3,1,3,3,1,1,4,2,2,1,1,0,8,2,2,0,11,1,1,10,25,25,12,150,67,12,l,0,10,1,1,0,1,1,1,1,0,1,1,0,0,1,0,0,0,0,0,2,0,0,0,3,0,0,3,7,7,3,46,20,3,m,0,10,1,1,0,1,1,1,1,0,1,1,0,0,1,0,0,0,0,0,2,0,0,0,3,0,0,3,7,7,3,46,20,3,s,0,10,1,1,0,1,1,1,1,0,1,1,0,0,1,0,0,0,0,0,2,0,0,0,3,0,0,3,7,7,3,46,20,3,t,0,10,1,1,0,1,1,1,1,0,1,1,0,0,1,0,0,0,0,0,2,0,0,0,3,0,0,3,7,7,3,46,20,3,e,1,31,3,3,1,3,3,3,3,0,2,2,1,1,4,2,2,1,1,0,7,1,1,0,10,1,1,8,22,22,11,133,59,11,n,0,15,1,1,0,1,1,1,1,0,1,1,0,0,2,1,1,0,0,0,3,0,0,0,5,0,0,4,11,11,5,66,29,5,u,0,15,1,1,0,1,1,1,1,0,1,1,0,0,2,1,1,0,0,0,3,0,0,0,5,0,0,4,11,11,5,66,29,5,j,1,25,3,3,1,2,2,2,2,0,2,2,1,0,3,1,1,1,1,0,6,1,1,0,8,1,1,7,18,18,9,109,48,9,g,1,40,4,4,2,3,3,3,3,1,3,3,2,1,5,2,2,1,1,1,9,2,2,0,12,2,2,11,28,28,14,171,76,14,A,0,8,0,0,0,0,0,0,0,0,0,0,0,0,1,0,0,0,0,0,2,0,0,0,2,0,0,2,5,5,3,35,15,2,o,0,16,1,1,0,1,1,1,1,0,1,1,0,0,2,1,1,0,0,0,4,1,1,0,5,0,0,4,11,11,6,70,31,5,v,0,16,1,1,0,1,1,1,1,0,1,1,0,0,2,1,1,0,0,0,4,1,1,0,5,0,0,4,11,11,6,70,31,5,a,1,40,4,4,2,3,3,3,3,1,3,3,2,1,5,2,2,1,1,1,9,2,2,0,12,2,2,11,28,28,14,171,76,14,b,1,40,4,4,2,3,3,3,3,1,3,3,2,1,5,2,2,1,1,1,9,2,2,0,12,2,2,11,28,28,14,171,76,14,h,3,71,8,8,3,6,6,6,6,2,6,6,3,2,9,4,4,2,2,1,17,4,4,1,22,3,3,20,50,50,25,300,134,24,B,0,4,0,0,0,0,0,0,0,0,0,0,0,0,0,0,0,0,0,0,1,0,0,0,1,0,0,1,3,3,1,20,8,1,p,0,19,2,2,0,1,1,1,1,0,1,1,1,0,2,1,1,0,0,0,4,1,1,0,6,1,1,5,13,13,6,80,35,6,w,0,19,2,2,0,1,1,1,1,0,1,1,1,0,2,1,1,0,0,0,4,1,1,0,6,1,1,5,13,13,6,80,35,6,i,2,47,5,5,2,4,4,4,4,1,4,4,2,1,6,3,3,1,1,1,11,2,2,0,15,2,2,13,33,33,17,200,89,16,C,0,4,0,0,0,0,0,0,0,0,0,0,0,0,0,0,0,0,0,0,1,0,0,0,1,0,0,1,3,3,1,20,8,1,q,1,28,3,3,1,2,2,2,2,0,2,2,1,0,3,1,1,1,1,0,6,1,1,0,9,1,1,8,20,20,10,120,53,9,x,1,28,3,3,1,2,2,2,2,0,2,2,1,0,3,1,1,1,1,0,6,1,1,0,9,1,1,8,20,20,10,120,53,9,D,0,3,0,0,0,0,0,0,0,0,0,0,0,0,0,0,0,0,0,0,0,0,0,0,1,0,0,0,2,2,1,13,6,1,
c,1,26,3,3,1,2,2,2,2,1,2,2,0,0,4,2,2,1,1,0,5,1,1,0,7,1,1,9,19,19,9,110,48,9,z,0,1,0,0,0,0,0,0,0,0,0,0,0,0,0,0,0,0,0,0,0,0,0,0,0,0,0,0,0,0,0,5,2,0,k,0,10,1,1,0,1,1,1,1,0,0,0,0,0,1,0,0,0,0,0,2,0,0,0,3,0,0,3,7,7,3,43,18,3,r,0,10,1,1,0,1,1,1,1,0,0,0,0,0,1,0,0,0,0,0,2,0,0,0,3,0,0,3,7,7,3,43,18,3,d,1,24,3,3,0,2,2,2,2,1,1,1,0,0,3,1,1,1,1,0,5,1,1,0,7,1,1,8,17,17,9,102,44,8,l,0,12,1,1,0,1,1,1,1,0,1,1,0,0,1,0,0,0,0,0,2,0,0,0,3,0,0,4,9,9,4,53,23,4,m,0,12,1,1,0,1,1,1,1,0,1,1,0,0,1,0,0,0,0,0,2,0,0,0,3,0,0,4,9,9,4,53,23,4,s,0,12,1,1,0,1,1,1,1,0,1,1,0,0,1,0,0,0,0,0,2,0,0,0,3,0,0,4,9,9,4,53,23,4,t,0,12,1,1,0,1,1,1,1,0,1,1,0,0,1,0,0,0,0,0,2,0,0,0,3,0,0,4,9,9,4,53,23,4,e,1,42,5,5,1,4,4,4,4,1,3,3,1,1,6,3,3,1,1,1,9,2,2,0,12,2,2,15,31,31,15,179,78,15,n,0,13,1,1,0,1,1,1,1,0,1,1,0,0,2,1,1,0,0,0,2,0,0,0,3,0,0,4,9,9,4,55,24,4,u,0,13,1,1,0,1,1,1,1,0,1,1,0,0,2,1,1,0,0,0,2,0,0,0,3,0,0,4,9,9,4,55,24,4,j,1,22,2,2,0,2,2,2,2,0,1,1,0,0,3,1,1,1,1,0,4,1,1,0,6,1,1,8,16,16,8,95,41,8,g,1,37,4,4,1,3,3,3,3,1,3,3,1,0,5,2,2,1,1,1,8,2,2,0,11,1,1,13,27,27,14,159,69,13,A,0,9,1,1,0,0,0,0,0,0,0,0,0,0,1,0,0,0,0,0,2,0,0,0,2,0,0,3,6,6,3,39,17,3,o,0,18,2,2,0,1,1,1,1,0,1,1,0,0,2,1,1,0,0,0,4,1,1,0,5,0,0,6,13,13,7,79,34,6,v,0,18,2,2,0,1,1,1,1,0,1,1,0,0,2,1,1,0,0,0,4,1,1,0,5,0,0,6,13,13,7,79,34,6,a,1,30,3,3,1,3,3,3,3,1,2,2,1,0,4,2,2,1,1,0,6,1,1,0,9,1,1,10,22,22,11,130,56,11,b,1,30,3,3,1,3,3,3,3,1,2,2,1,0,4,2,2,1,1,0,6,1,1,0,9,1,1,10,22,22,11,130,56,11,h,2,48,6,6,1,4,4,4,4,2,3,3,1,1,7,3,3,2,2,1,10,2,2,1,14,2,2,17,35,35,18,205,89,17,B,0,5,0,0,0,0,0,0,0,0,0,0,0,0,0,0,0,0,0,0,1,0,0,0,1,0,0,1,3,3,1,21,9,1,p,0,20,2,2,0,1,1,1,1,0,1,1,0,0,3,1,1,0,0,0,4,1,1,0,6,1,1,7,14,14,7,84,36,7,w,0,20,2,2,0,1,1,1,1,0,1,1,0,0,3,1,1,0,0,0,4,1,1,0,6,1,1,7,14,14,7,84,36,7,i,3,85,10,10,3,8,8,8,8,3,6,6,3,2,13,6,6,3,3,2,18,4,4,1,25,4,4,30,62,62,31,359,156,30,C,0,3,0,0,0,0,0,0,0,0,0,0,0,0,0,0,0,0,0,0,0,0,0,0,1,0,0,1,2,2,1,15,6,1,q,1,22,2,2,0,2,2,2,2,0,1,1,0,0,3,1,1,1,1,0,4,1,1,0,6,1,1,8,16,16,8,95,41,8,x,1,22,2,2,0,2,2,2,2,0,1,1,0,0,3,1,1,1,1,0,4,1,1,0,6,1,1,8,16,16,8,95,41,8,D,0,4,0,0,0,0,0,0,0,0,0,0,0,0,0,0,0,0,0,0,0,0,0,0,1,0,0,1,3,3,1,17,7,1,
c,1,27,3,3,1,2,2,2,2,0,2,2,1,0,3,1,1,0,0,0,6,1,1,0,7,1,1,9,19,19,9,114,51,9,z,0,1,0,0,0,0,0,0,0,0,0,0,0,0,0,0,0,0,0,0,0,0,0,0,0,0,0,0,0,0,0,5,2,0,k,0,9,1,1,0,1,1,1,1,0,0,0,0,0,1,0,0,0,0,0,2,0,0,0,2,0,0,3,6,6,3,40,18,3,r,0,9,1,1,0,1,1,1,1,0,0,0,0,0,1,0,0,0,0,0,2,0,0,0,2,0,0,3,6,6,3,40,18,3,d,1,31,3,3,1,3,3,3,3,1,2,2,1,1,4,2,2,0,0,0,8,2,2,0,8,1,1,10,22,22,11,132,59,10,l,0,12,1,1,0,1,1,1,1,0,1,1,0,0,1,0,0,0,0,0,3,0,0,0,3,0,0,4,8,8,4,52,23,4,m,0,12,1,1,0,1,1,1,1,0,1,1,0,0,1,0,0,0,0,0,3,0,0,0,3,0,0,4,8,8,4,52,23,4,s,0,12,1,1,0,1,1,1,1,0,1,1,0,0,1,0,0,0,0,0,3,0,0,0,3,0,0,4,8,8,4,52,23,4,t,0,12,1,1,0,1,1,1,1,0,1,1,0,0,1,0,0,0,0,0,3,0,0,0,3,0,0,4,8,8,4,52,23,4,e,1,29,3,3,1,3,3,3,3,0,2,2,1,1,3,1,1,0,0,0,7,1,1,0,7,1,1,9,20,20,10,123,55,10,n,0,15,1,1,0,1,1,1,1,0,1,1,0,0,2,1,1,0,0,0,3,0,0,0,4,0,0,5,10,10,5,63,28,5,u,0,15,1,1,0,1,1,1,1,0,1,1,0,0,2,1,1,0,0,0,3,0,0,0,4,0,0,5,10,10,5,63,28,5,j,1,33,3,3,1,3,3,3,3,1,2,2,1,1,4,2,2,1,1,0,8,2,2,0,9,1,1,11,23,23,12,143,64,11,g,2,50,5,5,1,5,5,5,5,1,4,4,2,1,6,3,3,1,1,1,13,3,3,1,13,2,2,17,35,35,18,215,97,17,A,0,7,0,0,0,0,0,0,0,0,0,0,0,0,1,0,0,0,0,0,2,0,0,0,2,0,0,2,5,5,2,33,14,2,o,0,15,1,1,0,1,1,1,1,0,1,1,0,0,2,1,1,0,0,0,4,1,1,0,4,0,0,5,11,11,5,66,29,5,v,0,15,1,1,0,1,1,1,1,0,1,1,0,0,2,1,1,0,0,0,4,1,1,0,4,0,0,5,11,11,5,66,29,5,a,1,27,3,3,1,2,2,2,2,0,2,2,1,0,3,1,1,0,0,0,6,1,1,0,7,1,1,9,19,19,9,114,51,9,b,1,27,3,3,1,2,2,2,2,0,2,2,1,0,3,1,1,0,0,0,6,1,1,0,7,1,1,9,19,19,9,114,51,9,h,2,45,5,5,1,4,4,4,4,1,3,3,2,1,6,3,3,1,1,0,11,2,2,1,12,2,2,15,31,31,16,191,86,15,B,0,5,0,0,0,0,0,0,0,0,0,0,0,0,0,0,0,0,0,0,1,0,0,0,1,0,0,1,3,3,2,23,10,1,p,1,22,2,2,0,2,2,2,2,0,1,1,1,0,3,1,1,0,0,0,5,1,1,0,6,1,1,7,15,15,8,95,43,7,w,1,22,2,2,0,2,2,2,2,0,1,1,1,0,3,1,1,0,0,0,5,1,1,0,6,1,1,7,15,15,8,95,43,7,i,3,58,6,6,2,6,6,6,6,1,4,4,3,2,7,3,3,1,1,1,14,3,3,1,15,2,2,19,41,41,21,246,110,20,C,0,3,0,0,0,0,0,0,0,0,0,0,0,0,0,0,0,0,0,0,1,0,0,0,1,0,0,1,2,2,1,16,7,1,q,1,23,2,2,0,2,2,2,2,0,1,1,1,0,3,1,1,0,0,0,6,1,1,0,6,1,1,8,16,16,8,101,45,8,x,1,23,2,2,0,2,2,2,2,0,1,1,1,0,3,1,1,0,0,0,6,1,1,0,6,1,1,8,16,16,8,101,45,8,D,0,3,0,0,0,0,0,0,0,0,0,0,0,0,0,0,0,0,0,0,0,0,0,0,0,0,0,1,2,2,1,14,6,1,
c,0,22,2,2,1,2,2,2,2,0,1,1,1,0,3,1,1,0,0,0,4,1,1,0,7,1,1,6,15,15,8,93,40,7,z,0,1,0,0,0,0,0,0,0,0,0,0,0,0,0,0,0,0,0,0,0,0,0,0,0,0,0,0,0,0,0,5,2,0,k,0,10,1,1,0,1,1,1,1,0,0,0,0,0,1,0,0,0,0,0,2,0,0,0,3,0,0,3,7,7,3,45,20,3,r,0,10,1,1,0,1,1,1,1,0,0,0,0,0,1,0,0,0,0,0,2,0,0,0,3,0,0,3,7,7,3,45,20,3,d,1,32,3,3,1,3,3,3,3,1,2,2,1,0,4,2,2,1,1,0,7,1,1,0,10,1,1,9,23,23,11,136,60,11,l,0,11,1,1,0,1,1,1,1,0,1,1,0,0,1,0,0,0,0,0,2,0,0,0,3,0,0,3,8,8,4,47,20,4,m,0,11,1,1,0,1,1,1,1,0,1,1,0,0,1,0,0,0,0,0,2,0,0,0,3,0,0,3,8,8,4,47,20,4,s,0,11,1,1,0,1,1,1,1,0,1,1,0,0,1,0,0,0,0,0,2,0,0,0,3,0,0,3,8,8,4,47,20,4,t,0,11,1,1,0,1,1,1,1,0,1,1,0,0,1,0,0,0,0,0,2,0,0,0,3,0,0,3,8,8,4,47,20,4,e,1,37,4,4,1,3,3,3,3,1,3,3,1,1,5,2,2,1,1,1,8,2,2,0,12,2,2,11,26,26,13,157,69,13,n,0,14,1,1,0,1,1,1,1,0,1,1,0,0,2,1,1,0,0,0,3,0,0,0,4,0,0,4,10,10,5,62,27,5,u,0,14,1,1,0,1,1,1,1,0,1,1,0,0,2,1,1,0,0,0,3,0,0,0,4,0,0,4,10,10,5,62,27,5,j,1,23,2,2,1,2,2,2,2,0,2,2,1,0,3,1,1,1,1,0,5,1,1,0,7,1,1,6,16,16,8,97,42,8,g,1,34,4,4,1,3,3,3,3,1,3,3,1,0,4,2,2,1,1,1,7,1,1,0,11,1,1,10,24,24,12,146,64,12,A,0,9,1,1,0,0,0,0,0,0,0,0,0,0,1,0,0,0,0,0,2,0,0,0,2,0,0,2,6,6,3,37,16,3,o,0,18,2,2,0,1,1,1,1,0,1,1,0,0,2,1,1,0,0,0,4,1,1,0,5,0,0,5,12,12,6,75,33,6,v,0,18,2,2,0,1,1,1,1,0,1,1,0,0,2,1,1,0,0,0,4,1,1,0,5,0,0,5,12,12,6,75,33,6,a,1,40,4,4,1,3,3,3,3,1,3,3,1,1,5,2,2,1,1,1,9,2,2,0,13,2,2,12,29,29,14,170,75,14,b,1,40,4,4,1,3,3,3,3,1,3,3,1,1,5,2,2,1,1,1,9,2,2,0,13,2,2,12,29,29,14,170,75,14,h,2,60,7,7,2,5,5,5,5,1,5,5,2,1,8,4,4,2,2,1,13,3,3,1,19,3,3,18,43,43,22,255,112,21,B,0,4,0,0,0,0,0,0,0,0,0,0,0,0,0,0,0,0,0,0,1,0,0,0,1,0,0,1,3,3,1,19,8,1,p,0,18,2,2,0,1,1,1,1,0,1,1,0,0,2,1,1,0,0,0,4,1,1,0,6,1,1,5,13,13,6,78,34,6,w,0,18,2,2,0,1,1,1,1,0,1,1,0,0,2,1,1,0,0,0,4,1,1,0,6,1,1,5,13,13,6,78,34,6,i,2,54,6,6,2,5,5,5,5,1,4,4,2,1,7,3,3,2,2,1,12,3,3,0,17,2,2,16,38,38,19,227,100,19,C,0,4,0,0,0,0,0,0,0,0,0,0,0,0,0,0,0,0,0,0,1,0,0,0,1,0,0,1,3,3,1,18,8,1,q,1,27,3,3,1,2,2,2,2,0,2,2,1,0,3,1,1,1,1,0,6,1,1,0,8,1,1,8,19,19,9,113,50,9,x,1,27,3,3,1,2,2,2,2,0,2,2,1,0,3,1,1,1,1,0,6,1,1,0,8,1,1,8,19,19,9,113,50,9,D,0,3,0,0,0,0,0,0,0,0,0,0,0,0,0,0,0,0,0,0,0,0,0,0,1,0,0,1,2,2,1,15,6,1,
